id;alpha;jobs_count;single;small;example_number;blocks;series_name;energy;jobs;lower_bound;solution;permutation;iteration_solution_found;time_solution_found;total_ga_time;iterations_count;population_size;elites_count;random_initial_population_probability;best_random_population_size;selection_type;tourney_size;crossover_probability;crossover_type;mutation_probability;mutation_type;mutation_window
1;1.5;50;0.5;0.5;0;0;11;100000;[[2, 90], [2, 575], [1, 875], [2, 425], [2, 650], [2, 200], [2, 575], [2, 875], [1, 725], [1, 350], [2, 275], [2, 20], [2, 575], [2, 30], [2, 80], [2, 725], [1, 500], [1, 875], [2, 40], [2, 70], [2, 275], [2, 100], [1, 30], [2, 50], [2, 50], [1, 725], [2, 725], [1, 200], [1, 40], [2, 90], [1, 500], [1, 10], [1, 40], [1, 50], [2, 875], [2, 275], [2, 60], [2, 90], [2, 90], [1, 200], [2, 350], [1, 575], [1, 70], [2, 30], [1, 800], [2, 10], [1, 500], [2, 20], [2, 80], [2, 30]];6414.9575597616995;6523.856658319015;[46, 12, 48, 23, 32, 33, 29, 43, 34, 44, 14, 50, 19, 25, 24, 37, 20, 15, 49, 39, 1, 30, 38, 28, 40, 22, 6, 31, 10, 47, 42, 9, 17, 11, 36, 21, 41, 3, 26, 45, 18, 4, 13, 7, 2, 5, 27, 16, 35, 8];8677;250;291;10000;200;0;0.2;10;RANKING;-1;0.8;OPX;0.2;SHIFT;-1
2;1.5;50;0.5;0.5;0;0;11;100000;[[2, 90], [2, 575], [1, 875], [2, 425], [2, 650], [2, 200], [2, 575], [2, 875], [1, 725], [1, 350], [2, 275], [2, 20], [2, 575], [2, 30], [2, 80], [2, 725], [1, 500], [1, 875], [2, 40], [2, 70], [2, 275], [2, 100], [1, 30], [2, 50], [2, 50], [1, 725], [2, 725], [1, 200], [1, 40], [2, 90], [1, 500], [1, 10], [1, 40], [1, 50], [2, 875], [2, 275], [2, 60], [2, 90], [2, 90], [1, 200], [2, 350], [1, 575], [1, 70], [2, 30], [1, 800], [2, 10], [1, 500], [2, 20], [2, 80], [2, 30]];6414.9575597616995;6524.809110743583;[46, 48, 12, 33, 34, 23, 32, 43, 29, 50, 14, 44, 19, 25, 24, 37, 20, 49, 15, 39, 30, 38, 1, 22, 47, 17, 40, 28, 10, 31, 6, 36, 11, 21, 41, 26, 42, 45, 3, 9, 18, 4, 7, 2, 13, 5, 16, 27, 35, 8];6982;173;248;10000;200;0;0.5;10;RANKING;-1;0.8;OPX;0.2;SHIFT;-1
3;1.5;50;0.5;0.5;0;0;11;100000;[[2, 90], [2, 575], [1, 875], [2, 425], [2, 650], [2, 200], [2, 575], [2, 875], [1, 725], [1, 350], [2, 275], [2, 20], [2, 575], [2, 30], [2, 80], [2, 725], [1, 500], [1, 875], [2, 40], [2, 70], [2, 275], [2, 100], [1, 30], [2, 50], [2, 50], [1, 725], [2, 725], [1, 200], [1, 40], [2, 90], [1, 500], [1, 10], [1, 40], [1, 50], [2, 875], [2, 275], [2, 60], [2, 90], [2, 90], [1, 200], [2, 350], [1, 575], [1, 70], [2, 30], [1, 800], [2, 10], [1, 500], [2, 20], [2, 80], [2, 30]];6414.9575597616995;6518.579570459277;[46, 34, 43, 23, 32, 29, 33, 48, 12, 14, 50, 44, 19, 24, 25, 37, 20, 15, 49, 38, 21, 39, 1, 30, 40, 28, 22, 6, 47, 10, 31, 42, 26, 17, 11, 36, 41, 45, 9, 3, 18, 4, 7, 13, 2, 5, 16, 27, 8, 35];2838;93;319;10000;200;2;0.2;10;RANKING;-1;0.8;OPX;0.2;SHIFT;-1
4;1.5;50;0.5;0.5;0;0;11;100000;[[2, 90], [2, 575], [1, 875], [2, 425], [2, 650], [2, 200], [2, 575], [2, 875], [1, 725], [1, 350], [2, 275], [2, 20], [2, 575], [2, 30], [2, 80], [2, 725], [1, 500], [1, 875], [2, 40], [2, 70], [2, 275], [2, 100], [1, 30], [2, 50], [2, 50], [1, 725], [2, 725], [1, 200], [1, 40], [2, 90], [1, 500], [1, 10], [1, 40], [1, 50], [2, 875], [2, 275], [2, 60], [2, 90], [2, 90], [1, 200], [2, 350], [1, 575], [1, 70], [2, 30], [1, 800], [2, 10], [1, 500], [2, 20], [2, 80], [2, 30]];6414.9575597616995;6525.263666787354;[46, 33, 34, 32, 12, 48, 23, 43, 28, 29, 50, 44, 14, 19, 24, 25, 37, 20, 15, 49, 38, 30, 39, 1, 40, 22, 6, 31, 47, 10, 42, 11, 21, 36, 41, 9, 45, 3, 17, 26, 18, 4, 2, 7, 13, 5, 16, 27, 35, 8];9738;246;252;10000;200;2;0.5;10;RANKING;-1;0.8;OPX;0.2;SHIFT;-1
5;1.5;50;0.5;0.5;1;0;11;100000;[[1, 80], [2, 575], [2, 10], [2, 30], [2, 20], [1, 650], [1, 875], [2, 425], [1, 350], [1, 875], [1, 40], [1, 500], [2, 500], [2, 875], [2, 70], [1, 90], [2, 200], [2, 80], [1, 100], [1, 10], [1, 800], [1, 725], [2, 200], [2, 500], [2, 80], [1, 350], [2, 50], [2, 500], [1, 650], [2, 350], [1, 200], [1, 350], [2, 200], [2, 500], [2, 425], [1, 80], [1, 500], [2, 40], [2, 40], [1, 650], [1, 40], [1, 30], [1, 10], [1, 40], [1, 500], [1, 500], [2, 10], [2, 350], [1, 60], [2, 575]];5734.079766682962;5869.291613452286;[3, 47, 19, 43, 5, 4, 1, 20, 49, 41, 11, 42, 16, 39, 38, 27, 15, 25, 18, 36, 31, 32, 44, 26, 9, 45, 17, 33, 23, 37, 6, 12, 29, 40, 46, 21, 7, 22, 10, 48, 30, 35, 8, 24, 13, 34, 28, 2, 50, 14];6352;173;264;10000;200;0;0.2;10;RANKING;-1;0.8;OPX;0.2;SHIFT;-1
6;1.5;50;0.5;0.5;1;0;11;100000;[[1, 80], [2, 575], [2, 10], [2, 30], [2, 20], [1, 650], [1, 875], [2, 425], [1, 350], [1, 875], [1, 40], [1, 500], [2, 500], [2, 875], [2, 70], [1, 90], [2, 200], [2, 80], [1, 100], [1, 10], [1, 800], [1, 725], [2, 200], [2, 500], [2, 80], [1, 350], [2, 50], [2, 500], [1, 650], [2, 350], [1, 200], [1, 350], [2, 200], [2, 500], [2, 425], [1, 80], [1, 500], [2, 40], [2, 40], [1, 650], [1, 40], [1, 30], [1, 10], [1, 40], [1, 500], [1, 500], [2, 10], [2, 350], [1, 60], [2, 575]];5734.079766682962;5856.625540446941;[47, 3, 20, 11, 49, 42, 5, 43, 41, 1, 16, 44, 4, 38, 39, 27, 31, 36, 15, 25, 18, 9, 32, 19, 33, 23, 17, 26, 37, 12, 22, 45, 46, 30, 48, 21, 29, 6, 40, 10, 7, 8, 35, 24, 13, 34, 28, 2, 50, 14];8554;190;223;10000;200;0;0.5;10;RANKING;-1;0.8;OPX;0.2;SHIFT;-1
7;1.5;50;0.5;0.5;1;0;11;100000;[[1, 80], [2, 575], [2, 10], [2, 30], [2, 20], [1, 650], [1, 875], [2, 425], [1, 350], [1, 875], [1, 40], [1, 500], [2, 500], [2, 875], [2, 70], [1, 90], [2, 200], [2, 80], [1, 100], [1, 10], [1, 800], [1, 725], [2, 200], [2, 500], [2, 80], [1, 350], [2, 50], [2, 500], [1, 650], [2, 350], [1, 200], [1, 350], [2, 200], [2, 500], [2, 425], [1, 80], [1, 500], [2, 40], [2, 40], [1, 650], [1, 40], [1, 30], [1, 10], [1, 40], [1, 500], [1, 500], [2, 10], [2, 350], [1, 60], [2, 575]];5734.079766682962;5856.967150923144;[3, 47, 5, 20, 11, 1, 16, 41, 4, 43, 44, 49, 42, 50, 38, 39, 27, 36, 31, 15, 25, 18, 17, 33, 23, 19, 12, 26, 9, 46, 32, 45, 6, 37, 48, 30, 40, 29, 10, 22, 21, 7, 8, 35, 24, 34, 28, 13, 2, 14];10050;281;282;10000;200;2;0.2;10;RANKING;-1;0.8;OPX;0.2;SHIFT;-1
8;1.5;50;0.5;0.5;1;0;11;100000;[[1, 80], [2, 575], [2, 10], [2, 30], [2, 20], [1, 650], [1, 875], [2, 425], [1, 350], [1, 875], [1, 40], [1, 500], [2, 500], [2, 875], [2, 70], [1, 90], [2, 200], [2, 80], [1, 100], [1, 10], [1, 800], [1, 725], [2, 200], [2, 500], [2, 80], [1, 350], [2, 50], [2, 500], [1, 650], [2, 350], [1, 200], [1, 350], [2, 200], [2, 500], [2, 425], [1, 80], [1, 500], [2, 40], [2, 40], [1, 650], [1, 40], [1, 30], [1, 10], [1, 40], [1, 500], [1, 500], [2, 10], [2, 350], [1, 60], [2, 575]];5734.079766682962;5868.0782596792205;[47, 3, 5, 16, 31, 11, 42, 41, 4, 19, 36, 1, 43, 38, 39, 27, 15, 20, 25, 18, 44, 17, 23, 33, 45, 9, 32, 12, 26, 46, 6, 37, 30, 49, 48, 40, 29, 10, 22, 21, 7, 8, 35, 28, 13, 34, 24, 50, 2, 14];9398;212;228;10000;200;2;0.5;10;RANKING;-1;0.8;OPX;0.2;SHIFT;-1
9;1.5;50;0.5;0.5;2;0;11;100000;[[2, 100], [2, 800], [1, 90], [1, 10], [1, 10], [2, 800], [1, 875], [1, 90], [2, 80], [2, 40], [1, 425], [2, 80], [2, 650], [1, 90], [2, 650], [1, 40], [1, 40], [2, 350], [2, 40], [1, 875], [1, 350], [1, 875], [2, 350], [1, 60], [1, 10], [1, 875], [1, 50], [1, 500], [1, 10], [1, 80], [1, 40], [2, 10], [1, 20], [1, 40], [1, 650], [2, 875], [2, 50], [2, 725], [1, 350], [2, 30], [2, 575], [2, 875], [2, 350], [2, 650], [2, 800], [1, 275], [1, 200], [1, 575], [1, 425], [2, 875]];9414.891311733865;9533.583190228657;[32, 31, 17, 29, 27, 25, 24, 33, 4, 34, 16, 40, 19, 10, 37, 8, 30, 5, 3, 47, 12, 14, 9, 1, 11, 39, 46, 28, 21, 48, 49, 35, 43, 23, 18, 22, 20, 26, 7, 41, 13, 44, 15, 38, 6, 2, 45, 42, 36, 50];8158;209;253;10000;200;0;0.2;10;RANKING;-1;0.8;OPX;0.2;SHIFT;-1
10;1.5;50;0.5;0.5;2;0;11;100000;[[2, 100], [2, 800], [1, 90], [1, 10], [1, 10], [2, 800], [1, 875], [1, 90], [2, 80], [2, 40], [1, 425], [2, 80], [2, 650], [1, 90], [2, 650], [1, 40], [1, 40], [2, 350], [2, 40], [1, 875], [1, 350], [1, 875], [2, 350], [1, 60], [1, 10], [1, 875], [1, 50], [1, 500], [1, 10], [1, 80], [1, 40], [2, 10], [1, 20], [1, 40], [1, 650], [2, 875], [2, 50], [2, 725], [1, 350], [2, 30], [2, 575], [2, 875], [2, 350], [2, 650], [2, 800], [1, 275], [1, 200], [1, 575], [1, 425], [2, 875]];9414.891311733865;9534.932455875229;[25, 33, 4, 32, 30, 16, 5, 34, 31, 27, 14, 17, 24, 29, 40, 19, 10, 37, 47, 8, 12, 9, 1, 11, 21, 3, 48, 46, 49, 28, 35, 39, 23, 43, 18, 22, 7, 26, 20, 41, 44, 15, 13, 38, 45, 6, 2, 42, 50, 36];5366;117;211;10000;200;0;0.5;10;RANKING;-1;0.8;OPX;0.2;SHIFT;-1
11;1.5;50;0.5;0.5;2;0;11;100000;[[2, 100], [2, 800], [1, 90], [1, 10], [1, 10], [2, 800], [1, 875], [1, 90], [2, 80], [2, 40], [1, 425], [2, 80], [2, 650], [1, 90], [2, 650], [1, 40], [1, 40], [2, 350], [2, 40], [1, 875], [1, 350], [1, 875], [2, 350], [1, 60], [1, 10], [1, 875], [1, 50], [1, 500], [1, 10], [1, 80], [1, 40], [2, 10], [1, 20], [1, 40], [1, 650], [2, 875], [2, 50], [2, 725], [1, 350], [2, 30], [2, 575], [2, 875], [2, 350], [2, 650], [2, 800], [1, 275], [1, 200], [1, 575], [1, 425], [2, 875]];9414.891311733865;9569.630589378707;[32, 29, 30, 24, 16, 34, 5, 4, 25, 31, 33, 17, 8, 27, 40, 10, 19, 3, 14, 37, 9, 12, 1, 47, 46, 39, 49, 28, 11, 50, 21, 48, 20, 23, 18, 43, 26, 7, 35, 22, 41, 15, 13, 44, 38, 6, 45, 2, 42, 36];6639;160;244;10000;200;2;0.2;10;RANKING;-1;0.8;OPX;0.2;SHIFT;-1
12;1.5;50;0.5;0.5;2;0;11;100000;[[2, 100], [2, 800], [1, 90], [1, 10], [1, 10], [2, 800], [1, 875], [1, 90], [2, 80], [2, 40], [1, 425], [2, 80], [2, 650], [1, 90], [2, 650], [1, 40], [1, 40], [2, 350], [2, 40], [1, 875], [1, 350], [1, 875], [2, 350], [1, 60], [1, 10], [1, 875], [1, 50], [1, 500], [1, 10], [1, 80], [1, 40], [2, 10], [1, 20], [1, 40], [1, 650], [2, 875], [2, 50], [2, 725], [1, 350], [2, 30], [2, 575], [2, 875], [2, 350], [2, 650], [2, 800], [1, 275], [1, 200], [1, 575], [1, 425], [2, 875]];9414.891311733865;9550.865852375895;[29, 4, 25, 33, 5, 32, 31, 16, 34, 17, 40, 11, 27, 24, 30, 3, 19, 10, 37, 12, 9, 46, 47, 14, 21, 1, 28, 8, 48, 39, 49, 35, 43, 23, 18, 22, 20, 26, 7, 41, 15, 13, 44, 38, 2, 45, 6, 36, 50, 42];8125;182;222;10000;200;2;0.5;10;RANKING;-1;0.8;OPX;0.2;SHIFT;-1
13;1.5;50;0.5;0.5;3;0;11;100000;[[1, 425], [2, 40], [1, 575], [2, 275], [1, 20], [1, 30], [2, 575], [1, 100], [2, 650], [1, 100], [1, 875], [2, 575], [2, 100], [2, 60], [2, 60], [1, 875], [1, 30], [2, 20], [2, 500], [1, 20], [1, 650], [1, 60], [1, 100], [2, 650], [2, 875], [2, 650], [1, 100], [1, 500], [1, 200], [2, 50], [1, 875], [2, 10], [1, 10], [1, 70], [2, 275], [1, 800], [2, 200], [1, 50], [2, 800], [1, 100], [1, 200], [2, 200], [1, 60], [1, 800], [1, 60], [2, 500], [1, 650], [1, 10], [2, 90], [1, 30]];5295.7232419241855;5394.563530955941;[32, 18, 48, 34, 20, 6, 50, 5, 17, 33, 38, 10, 22, 2, 8, 40, 45, 43, 30, 14, 15, 27, 23, 29, 41, 49, 13, 42, 37, 1, 28, 3, 47, 35, 4, 44, 21, 16, 11, 36, 31, 46, 19, 12, 7, 24, 9, 26, 39, 25];7121;183;250;10000;200;0;0.2;10;RANKING;-1;0.8;OPX;0.2;SHIFT;-1
14;1.5;50;0.5;0.5;3;0;11;100000;[[1, 425], [2, 40], [1, 575], [2, 275], [1, 20], [1, 30], [2, 575], [1, 100], [2, 650], [1, 100], [1, 875], [2, 575], [2, 100], [2, 60], [2, 60], [1, 875], [1, 30], [2, 20], [2, 500], [1, 20], [1, 650], [1, 60], [1, 100], [2, 650], [2, 875], [2, 650], [1, 100], [1, 500], [1, 200], [2, 50], [1, 875], [2, 10], [1, 10], [1, 70], [2, 275], [1, 800], [2, 200], [1, 50], [2, 800], [1, 100], [1, 200], [2, 200], [1, 60], [1, 800], [1, 60], [2, 500], [1, 650], [1, 10], [2, 90], [1, 30]];5295.7232419241855;5395.687016616022;[32, 38, 43, 6, 50, 5, 48, 18, 33, 17, 20, 40, 34, 45, 8, 27, 2, 23, 10, 22, 30, 15, 14, 49, 29, 41, 13, 42, 37, 3, 1, 47, 28, 35, 4, 36, 21, 16, 31, 44, 11, 46, 19, 7, 12, 9, 26, 24, 39, 25];3897;82;204;10000;200;0;0.5;10;RANKING;-1;0.8;OPX;0.2;SHIFT;-1
15;1.5;50;0.5;0.5;3;0;11;100000;[[1, 425], [2, 40], [1, 575], [2, 275], [1, 20], [1, 30], [2, 575], [1, 100], [2, 650], [1, 100], [1, 875], [2, 575], [2, 100], [2, 60], [2, 60], [1, 875], [1, 30], [2, 20], [2, 500], [1, 20], [1, 650], [1, 60], [1, 100], [2, 650], [2, 875], [2, 650], [1, 100], [1, 500], [1, 200], [2, 50], [1, 875], [2, 10], [1, 10], [1, 70], [2, 275], [1, 800], [2, 200], [1, 50], [2, 800], [1, 100], [1, 200], [2, 200], [1, 60], [1, 800], [1, 60], [2, 500], [1, 650], [1, 10], [2, 90], [1, 30]];5295.7232419241855;5394.983525248737;[33, 5, 48, 32, 18, 40, 10, 45, 17, 43, 22, 50, 6, 20, 24, 38, 34, 27, 2, 30, 15, 14, 8, 23, 41, 29, 49, 13, 37, 42, 28, 1, 47, 3, 35, 4, 36, 31, 44, 21, 16, 11, 19, 46, 12, 7, 26, 9, 39, 25];1786;50;252;10000;200;2;0.2;10;RANKING;-1;0.8;OPX;0.2;SHIFT;-1
16;1.5;50;0.5;0.5;3;0;11;100000;[[1, 425], [2, 40], [1, 575], [2, 275], [1, 20], [1, 30], [2, 575], [1, 100], [2, 650], [1, 100], [1, 875], [2, 575], [2, 100], [2, 60], [2, 60], [1, 875], [1, 30], [2, 20], [2, 500], [1, 20], [1, 650], [1, 60], [1, 100], [2, 650], [2, 875], [2, 650], [1, 100], [1, 500], [1, 200], [2, 50], [1, 875], [2, 10], [1, 10], [1, 70], [2, 275], [1, 800], [2, 200], [1, 50], [2, 800], [1, 100], [1, 200], [2, 200], [1, 60], [1, 800], [1, 60], [2, 500], [1, 650], [1, 10], [2, 90], [1, 30]];5295.7232419241855;5397.319923763512;[32, 18, 5, 48, 6, 50, 17, 38, 43, 33, 20, 34, 45, 22, 29, 8, 2, 23, 27, 30, 14, 15, 49, 13, 28, 40, 41, 10, 1, 37, 42, 4, 35, 3, 47, 44, 11, 36, 16, 21, 31, 46, 19, 7, 12, 9, 24, 26, 39, 25];8610;213;246;10000;200;2;0.5;10;RANKING;-1;0.8;OPX;0.2;SHIFT;-1
17;1.5;50;0.5;0.5;4;0;11;100000;[[1, 30], [2, 60], [2, 725], [2, 60], [2, 275], [1, 40], [2, 350], [2, 50], [2, 40], [1, 100], [1, 650], [1, 40], [2, 800], [1, 90], [2, 40], [1, 30], [1, 70], [1, 875], [2, 70], [2, 50], [1, 100], [2, 875], [1, 70], [1, 575], [2, 20], [1, 425], [1, 875], [1, 10], [1, 200], [2, 800], [1, 875], [2, 90], [2, 650], [1, 275], [2, 90], [2, 275], [1, 800], [2, 725], [2, 10], [1, 875], [2, 60], [1, 60], [1, 20], [1, 425], [1, 20], [1, 90], [2, 40], [1, 275], [1, 425], [2, 60]];3672.0961995966136;3762.10623235653;[39, 28, 6, 42, 1, 25, 23, 17, 12, 10, 45, 43, 16, 14, 46, 21, 9, 47, 15, 20, 8, 41, 4, 2, 50, 19, 32, 35, 29, 48, 34, 26, 49, 44, 24, 36, 5, 7, 18, 40, 37, 11, 31, 27, 33, 3, 38, 13, 30, 22];283;20;380;10000;200;0;0.2;10;RANKING;-1;0.8;OPX;0.2;SHIFT;-1
18;1.5;50;0.5;0.5;4;0;11;100000;[[1, 30], [2, 60], [2, 725], [2, 60], [2, 275], [1, 40], [2, 350], [2, 50], [2, 40], [1, 100], [1, 650], [1, 40], [2, 800], [1, 90], [2, 40], [1, 30], [1, 70], [1, 875], [2, 70], [2, 50], [1, 100], [2, 875], [1, 70], [1, 575], [2, 20], [1, 425], [1, 875], [1, 10], [1, 200], [2, 800], [1, 875], [2, 90], [2, 650], [1, 275], [2, 90], [2, 275], [1, 800], [2, 725], [2, 10], [1, 875], [2, 60], [1, 60], [1, 20], [1, 425], [1, 20], [1, 90], [2, 40], [1, 275], [1, 425], [2, 60]];3672.0961995966136;3759.6841115339303;[39, 12, 6, 16, 43, 28, 45, 1, 42, 25, 47, 9, 15, 17, 10, 46, 23, 14, 21, 20, 8, 41, 4, 2, 50, 19, 32, 35, 44, 29, 26, 49, 48, 34, 24, 36, 5, 7, 40, 31, 37, 11, 18, 27, 33, 38, 3, 30, 13, 22];3174;99;292;10000;200;0;0.5;10;RANKING;-1;0.8;OPX;0.2;SHIFT;-1
19;1.5;50;0.5;0.5;4;0;11;100000;[[1, 30], [2, 60], [2, 725], [2, 60], [2, 275], [1, 40], [2, 350], [2, 50], [2, 40], [1, 100], [1, 650], [1, 40], [2, 800], [1, 90], [2, 40], [1, 30], [1, 70], [1, 875], [2, 70], [2, 50], [1, 100], [2, 875], [1, 70], [1, 575], [2, 20], [1, 425], [1, 875], [1, 10], [1, 200], [2, 800], [1, 875], [2, 90], [2, 650], [1, 275], [2, 90], [2, 275], [1, 800], [2, 725], [2, 10], [1, 875], [2, 60], [1, 60], [1, 20], [1, 425], [1, 20], [1, 90], [2, 40], [1, 275], [1, 425], [2, 60]];3672.0961995966136;3760.4871514744523;[39, 25, 46, 12, 6, 16, 17, 14, 1, 28, 45, 43, 42, 23, 21, 47, 9, 15, 20, 8, 44, 2, 4, 41, 50, 19, 35, 32, 10, 29, 34, 48, 26, 24, 49, 36, 5, 7, 40, 27, 37, 11, 18, 31, 33, 38, 3, 30, 13, 22];319;16;338;10000;200;2;0.2;10;RANKING;-1;0.8;OPX;0.2;SHIFT;-1
20;1.5;50;0.5;0.5;4;0;11;100000;[[1, 30], [2, 60], [2, 725], [2, 60], [2, 275], [1, 40], [2, 350], [2, 50], [2, 40], [1, 100], [1, 650], [1, 40], [2, 800], [1, 90], [2, 40], [1, 30], [1, 70], [1, 875], [2, 70], [2, 50], [1, 100], [2, 875], [1, 70], [1, 575], [2, 20], [1, 425], [1, 875], [1, 10], [1, 200], [2, 800], [1, 875], [2, 90], [2, 650], [1, 275], [2, 90], [2, 275], [1, 800], [2, 725], [2, 10], [1, 875], [2, 60], [1, 60], [1, 20], [1, 425], [1, 20], [1, 90], [2, 40], [1, 275], [1, 425], [2, 60]];3672.0961995966136;3769.49411973132;[43, 1, 28, 39, 25, 17, 12, 16, 42, 6, 23, 9, 15, 47, 14, 46, 45, 21, 10, 8, 20, 41, 2, 50, 4, 19, 32, 35, 49, 34, 29, 48, 24, 5, 44, 26, 36, 7, 40, 31, 37, 11, 13, 27, 18, 33, 38, 3, 30, 22];8456;201;238;10000;200;2;0.5;10;RANKING;-1;0.8;OPX;0.2;SHIFT;-1
21;1.5;50;0.5;0.5;5;0;11;100000;[[2, 800], [1, 20], [1, 60], [1, 350], [2, 275], [1, 80], [2, 100], [1, 575], [1, 200], [2, 875], [2, 800], [1, 40], [1, 350], [2, 10], [2, 575], [2, 575], [1, 20], [2, 725], [2, 20], [2, 725], [2, 80], [2, 60], [1, 500], [2, 20], [2, 20], [1, 90], [2, 30], [2, 80], [2, 800], [2, 725], [1, 30], [2, 425], [2, 40], [2, 350], [2, 30], [1, 70], [2, 875], [2, 30], [1, 100], [1, 200], [1, 875], [2, 800], [1, 425], [2, 875], [2, 425], [2, 650], [2, 350], [1, 40], [2, 80], [1, 425]];11179.860765561674;11272.486539146032;[14, 3, 31, 17, 2, 12, 48, 25, 19, 24, 35, 27, 38, 33, 9, 6, 36, 26, 39, 22, 49, 28, 21, 7, 40, 4, 50, 43, 13, 23, 41, 8, 5, 47, 34, 45, 32, 15, 16, 46, 18, 30, 20, 1, 29, 11, 42, 37, 10, 44];6576;195;289;10000;200;0;0.2;10;RANKING;-1;0.8;OPX;0.2;SHIFT;-1
22;1.5;50;0.5;0.5;5;0;11;100000;[[2, 800], [1, 20], [1, 60], [1, 350], [2, 275], [1, 80], [2, 100], [1, 575], [1, 200], [2, 875], [2, 800], [1, 40], [1, 350], [2, 10], [2, 575], [2, 575], [1, 20], [2, 725], [2, 20], [2, 725], [2, 80], [2, 60], [1, 500], [2, 20], [2, 20], [1, 90], [2, 30], [2, 80], [2, 800], [2, 725], [1, 30], [2, 425], [2, 40], [2, 350], [2, 30], [1, 70], [2, 875], [2, 30], [1, 100], [1, 200], [1, 875], [2, 800], [1, 425], [2, 875], [2, 425], [2, 650], [2, 350], [1, 40], [2, 80], [1, 425]];11179.860765561674;11269.662227623503;[14, 3, 31, 2, 17, 48, 12, 19, 25, 24, 35, 38, 27, 33, 36, 6, 26, 39, 22, 49, 28, 21, 7, 4, 9, 23, 13, 50, 40, 8, 43, 41, 5, 34, 47, 45, 32, 15, 16, 46, 20, 18, 30, 11, 42, 1, 29, 37, 10, 44];6357;156;241;10000;200;0;0.5;10;RANKING;-1;0.8;OPX;0.2;SHIFT;-1
23;1.5;50;0.5;0.5;5;0;11;100000;[[2, 800], [1, 20], [1, 60], [1, 350], [2, 275], [1, 80], [2, 100], [1, 575], [1, 200], [2, 875], [2, 800], [1, 40], [1, 350], [2, 10], [2, 575], [2, 575], [1, 20], [2, 725], [2, 20], [2, 725], [2, 80], [2, 60], [1, 500], [2, 20], [2, 20], [1, 90], [2, 30], [2, 80], [2, 800], [2, 725], [1, 30], [2, 425], [2, 40], [2, 350], [2, 30], [1, 70], [2, 875], [2, 30], [1, 100], [1, 200], [1, 875], [2, 800], [1, 425], [2, 875], [2, 425], [2, 650], [2, 350], [1, 40], [2, 80], [1, 425]];11179.860765561674;11272.708437061916;[14, 2, 31, 12, 36, 48, 19, 25, 24, 3, 6, 17, 27, 38, 35, 33, 40, 26, 22, 39, 21, 28, 49, 41, 7, 9, 4, 43, 50, 13, 23, 8, 5, 34, 47, 32, 45, 16, 15, 46, 30, 20, 18, 1, 29, 42, 11, 37, 10, 44];6542;203;308;10000;200;2;0.2;10;RANKING;-1;0.8;OPX;0.2;SHIFT;-1
24;1.5;50;0.5;0.5;5;0;11;100000;[[2, 800], [1, 20], [1, 60], [1, 350], [2, 275], [1, 80], [2, 100], [1, 575], [1, 200], [2, 875], [2, 800], [1, 40], [1, 350], [2, 10], [2, 575], [2, 575], [1, 20], [2, 725], [2, 20], [2, 725], [2, 80], [2, 60], [1, 500], [2, 20], [2, 20], [1, 90], [2, 30], [2, 80], [2, 800], [2, 725], [1, 30], [2, 425], [2, 40], [2, 350], [2, 30], [1, 70], [2, 875], [2, 30], [1, 100], [1, 200], [1, 875], [2, 800], [1, 425], [2, 875], [2, 425], [2, 650], [2, 350], [1, 40], [2, 80], [1, 425]];11179.860765561674;11270.8169569324;[14, 2, 12, 17, 25, 24, 19, 35, 27, 48, 6, 36, 3, 31, 26, 33, 22, 21, 28, 49, 7, 9, 39, 38, 40, 13, 4, 50, 23, 8, 41, 43, 5, 47, 34, 45, 32, 15, 16, 46, 30, 18, 20, 42, 11, 29, 1, 10, 37, 44];4138;110;261;10000;200;2;0.5;10;RANKING;-1;0.8;OPX;0.2;SHIFT;-1
25;1.5;50;0.5;0.5;6;0;11;100000;[[1, 40], [2, 10], [2, 50], [1, 100], [1, 800], [2, 425], [2, 70], [2, 725], [2, 200], [1, 200], [1, 100], [2, 575], [1, 30], [2, 10], [1, 80], [2, 350], [2, 30], [2, 575], [2, 50], [2, 650], [2, 575], [2, 10], [2, 50], [1, 60], [2, 70], [1, 800], [2, 30], [2, 90], [2, 90], [2, 725], [1, 60], [1, 20], [2, 800], [2, 20], [2, 725], [1, 800], [1, 800], [1, 875], [2, 500], [2, 800], [1, 70], [1, 800], [2, 30], [2, 50], [1, 800], [1, 200], [1, 100], [2, 60], [2, 50], [1, 60]];5868.302006944241;5988.477599977469;[14, 2, 22, 24, 32, 34, 27, 17, 43, 31, 41, 15, 50, 11, 1, 49, 3, 44, 23, 13, 19, 48, 7, 25, 29, 28, 26, 47, 9, 16, 37, 45, 10, 42, 5, 4, 38, 36, 46, 6, 39, 18, 12, 21, 20, 30, 35, 8, 33, 40];2618;81;298;10000;200;0;0.2;10;RANKING;-1;0.8;OPX;0.2;SHIFT;-1
26;1.5;50;0.5;0.5;6;0;11;100000;[[1, 40], [2, 10], [2, 50], [1, 100], [1, 800], [2, 425], [2, 70], [2, 725], [2, 200], [1, 200], [1, 100], [2, 575], [1, 30], [2, 10], [1, 80], [2, 350], [2, 30], [2, 575], [2, 50], [2, 650], [2, 575], [2, 10], [2, 50], [1, 60], [2, 70], [1, 800], [2, 30], [2, 90], [2, 90], [2, 725], [1, 60], [1, 20], [2, 800], [2, 20], [2, 725], [1, 800], [1, 800], [1, 875], [2, 500], [2, 800], [1, 70], [1, 800], [2, 30], [2, 50], [1, 800], [1, 200], [1, 100], [2, 60], [2, 50], [1, 60]];5868.302006944241;5988.3476042130615;[22, 14, 2, 34, 15, 41, 1, 32, 50, 31, 13, 24, 4, 17, 27, 43, 49, 19, 3, 23, 44, 48, 25, 7, 28, 29, 45, 47, 11, 9, 16, 37, 36, 46, 26, 5, 38, 42, 6, 10, 39, 18, 21, 12, 20, 30, 35, 8, 40, 33];2570;66;240;10000;200;0;0.5;10;RANKING;-1;0.8;OPX;0.2;SHIFT;-1
27;1.5;50;0.5;0.5;6;0;11;100000;[[1, 40], [2, 10], [2, 50], [1, 100], [1, 800], [2, 425], [2, 70], [2, 725], [2, 200], [1, 200], [1, 100], [2, 575], [1, 30], [2, 10], [1, 80], [2, 350], [2, 30], [2, 575], [2, 50], [2, 650], [2, 575], [2, 10], [2, 50], [1, 60], [2, 70], [1, 800], [2, 30], [2, 90], [2, 90], [2, 725], [1, 60], [1, 20], [2, 800], [2, 20], [2, 725], [1, 800], [1, 800], [1, 875], [2, 500], [2, 800], [1, 70], [1, 800], [2, 30], [2, 50], [1, 800], [1, 200], [1, 100], [2, 60], [2, 50], [1, 60]];5868.302006944241;5988.875181789147;[14, 2, 22, 34, 27, 50, 32, 43, 17, 24, 41, 15, 31, 4, 1, 49, 19, 3, 44, 23, 13, 48, 7, 25, 29, 47, 28, 5, 11, 9, 16, 38, 26, 37, 45, 46, 36, 42, 10, 6, 39, 12, 21, 18, 20, 30, 8, 35, 33, 40];9847;285;289;10000;200;2;0.2;10;RANKING;-1;0.8;OPX;0.2;SHIFT;-1
28;1.5;50;0.5;0.5;6;0;11;100000;[[1, 40], [2, 10], [2, 50], [1, 100], [1, 800], [2, 425], [2, 70], [2, 725], [2, 200], [1, 200], [1, 100], [2, 575], [1, 30], [2, 10], [1, 80], [2, 350], [2, 30], [2, 575], [2, 50], [2, 650], [2, 575], [2, 10], [2, 50], [1, 60], [2, 70], [1, 800], [2, 30], [2, 90], [2, 90], [2, 725], [1, 60], [1, 20], [2, 800], [2, 20], [2, 725], [1, 800], [1, 800], [1, 875], [2, 500], [2, 800], [1, 70], [1, 800], [2, 30], [2, 50], [1, 800], [1, 200], [1, 100], [2, 60], [2, 50], [1, 60]];5868.302006944241;5988.623765401867;[22, 2, 14, 34, 31, 16, 13, 43, 17, 27, 50, 41, 15, 24, 47, 1, 3, 49, 23, 19, 44, 48, 25, 7, 28, 32, 29, 45, 4, 11, 9, 38, 42, 36, 37, 10, 26, 5, 46, 6, 39, 12, 21, 18, 20, 30, 8, 35, 33, 40];2755;77;260;10000;200;2;0.5;10;RANKING;-1;0.8;OPX;0.2;SHIFT;-1
29;1.5;50;0.5;0.5;7;0;11;100000;[[1, 275], [1, 60], [2, 100], [2, 200], [1, 500], [2, 50], [2, 90], [1, 90], [2, 20], [1, 875], [1, 800], [1, 350], [1, 30], [2, 575], [2, 50], [2, 500], [1, 275], [2, 875], [1, 100], [1, 20], [1, 30], [2, 60], [1, 425], [2, 875], [1, 90], [2, 500], [1, 350], [2, 100], [2, 90], [1, 10], [1, 725], [2, 90], [1, 80], [1, 20], [1, 70], [1, 70], [1, 40], [2, 350], [2, 50], [2, 275], [1, 60], [1, 875], [2, 40], [1, 425], [2, 80], [1, 875], [2, 10], [2, 60], [2, 100], [1, 425]];2579.9600073569086;2655.6475407358967;[47, 9, 37, 13, 20, 25, 8, 30, 34, 21, 35, 36, 33, 2, 41, 19, 43, 6, 39, 15, 22, 48, 45, 7, 32, 29, 49, 3, 28, 17, 12, 1, 23, 5, 27, 50, 44, 31, 4, 40, 38, 11, 10, 46, 42, 26, 16, 14, 18, 24];6048;151;247;10000;200;0;0.2;10;RANKING;-1;0.8;OPX;0.2;SHIFT;-1
30;1.5;50;0.5;0.5;7;0;11;100000;[[1, 275], [1, 60], [2, 100], [2, 200], [1, 500], [2, 50], [2, 90], [1, 90], [2, 20], [1, 875], [1, 800], [1, 350], [1, 30], [2, 575], [2, 50], [2, 500], [1, 275], [2, 875], [1, 100], [1, 20], [1, 30], [2, 60], [1, 425], [2, 875], [1, 90], [2, 500], [1, 350], [2, 100], [2, 90], [1, 10], [1, 725], [2, 90], [1, 80], [1, 20], [1, 70], [1, 70], [1, 40], [2, 350], [2, 50], [2, 275], [1, 60], [1, 875], [2, 40], [1, 425], [2, 80], [1, 875], [2, 10], [2, 60], [2, 100], [1, 425]];2579.9600073569086;2658.62095265881;[47, 21, 30, 13, 9, 37, 8, 20, 25, 41, 43, 19, 2, 34, 36, 33, 15, 6, 39, 48, 22, 45, 7, 32, 35, 29, 28, 49, 3, 4, 1, 17, 27, 23, 44, 50, 5, 12, 31, 40, 38, 11, 42, 10, 46, 26, 16, 14, 18, 24];907;23;220;10000;200;0;0.5;10;RANKING;-1;0.8;OPX;0.2;SHIFT;-1
31;1.5;50;0.5;0.5;7;0;11;100000;[[1, 275], [1, 60], [2, 100], [2, 200], [1, 500], [2, 50], [2, 90], [1, 90], [2, 20], [1, 875], [1, 800], [1, 350], [1, 30], [2, 575], [2, 50], [2, 500], [1, 275], [2, 875], [1, 100], [1, 20], [1, 30], [2, 60], [1, 425], [2, 875], [1, 90], [2, 500], [1, 350], [2, 100], [2, 90], [1, 10], [1, 725], [2, 90], [1, 80], [1, 20], [1, 70], [1, 70], [1, 40], [2, 350], [2, 50], [2, 275], [1, 60], [1, 875], [2, 40], [1, 425], [2, 80], [1, 875], [2, 10], [2, 60], [2, 100], [1, 425]];2579.9600073569086;2655.8065413384024;[47, 9, 34, 2, 30, 21, 35, 37, 20, 33, 8, 41, 25, 36, 19, 43, 13, 15, 6, 39, 48, 22, 45, 32, 29, 7, 28, 49, 3, 4, 17, 12, 44, 27, 1, 23, 50, 31, 40, 38, 11, 10, 5, 46, 42, 26, 16, 14, 24, 18];2189;66;273;10000;200;2;0.2;10;RANKING;-1;0.8;OPX;0.2;SHIFT;-1
32;1.5;50;0.5;0.5;7;0;11;100000;[[1, 275], [1, 60], [2, 100], [2, 200], [1, 500], [2, 50], [2, 90], [1, 90], [2, 20], [1, 875], [1, 800], [1, 350], [1, 30], [2, 575], [2, 50], [2, 500], [1, 275], [2, 875], [1, 100], [1, 20], [1, 30], [2, 60], [1, 425], [2, 875], [1, 90], [2, 500], [1, 350], [2, 100], [2, 90], [1, 10], [1, 725], [2, 90], [1, 80], [1, 20], [1, 70], [1, 70], [1, 40], [2, 350], [2, 50], [2, 275], [1, 60], [1, 875], [2, 40], [1, 425], [2, 80], [1, 875], [2, 10], [2, 60], [2, 100], [1, 425]];2579.9600073569086;2653.635306258305;[34, 21, 30, 47, 9, 20, 37, 33, 13, 41, 2, 35, 36, 19, 43, 8, 6, 15, 39, 22, 25, 48, 45, 7, 29, 32, 28, 3, 49, 4, 27, 1, 23, 17, 44, 5, 12, 50, 31, 40, 38, 11, 42, 46, 10, 16, 26, 14, 18, 24];1960;46;231;10000;200;2;0.5;10;RANKING;-1;0.8;OPX;0.2;SHIFT;-1
33;1.5;50;0.5;0.5;8;0;11;100000;[[1, 40], [1, 725], [1, 200], [1, 60], [1, 80], [2, 20], [1, 90], [2, 20], [1, 350], [2, 50], [1, 725], [2, 80], [1, 350], [2, 90], [2, 20], [2, 90], [1, 500], [1, 650], [1, 500], [1, 650], [1, 90], [1, 10], [2, 275], [1, 800], [1, 40], [2, 200], [2, 40], [2, 100], [1, 800], [2, 650], [1, 90], [2, 10], [1, 800], [2, 500], [1, 575], [1, 20], [2, 40], [1, 725], [1, 30], [1, 40], [1, 575], [2, 90], [1, 20], [1, 200], [2, 350], [1, 20], [2, 10], [2, 650], [2, 275], [1, 575]];2574.0058422152683;2669.763889756725;[47, 32, 22, 40, 36, 39, 4, 25, 43, 8, 6, 15, 5, 1, 46, 21, 37, 2, 27, 10, 44, 7, 12, 16, 14, 42, 28, 31, 9, 3, 17, 13, 26, 23, 49, 35, 19, 50, 41, 18, 20, 38, 29, 11, 33, 24, 45, 34, 30, 48];3849;107;266;10000;200;0;0.2;10;RANKING;-1;0.8;OPX;0.2;SHIFT;-1
34;1.5;50;0.5;0.5;8;0;11;100000;[[1, 40], [1, 725], [1, 200], [1, 60], [1, 80], [2, 20], [1, 90], [2, 20], [1, 350], [2, 50], [1, 725], [2, 80], [1, 350], [2, 90], [2, 20], [2, 90], [1, 500], [1, 650], [1, 500], [1, 650], [1, 90], [1, 10], [2, 275], [1, 800], [1, 40], [2, 200], [2, 40], [2, 100], [1, 800], [2, 650], [1, 90], [2, 10], [1, 800], [2, 500], [1, 575], [1, 20], [2, 40], [1, 725], [1, 30], [1, 40], [1, 575], [2, 90], [1, 20], [1, 200], [2, 350], [1, 20], [2, 10], [2, 650], [2, 275], [1, 575]];2574.0058422152683;2671.7227168739287;[47, 32, 39, 43, 36, 46, 40, 22, 25, 4, 1, 6, 15, 8, 37, 27, 31, 5, 10, 44, 21, 12, 42, 14, 16, 28, 7, 13, 3, 19, 9, 26, 23, 49, 20, 50, 17, 41, 18, 35, 11, 38, 24, 2, 29, 33, 45, 34, 48, 30];8624;185;217;10000;200;0;0.5;10;RANKING;-1;0.8;OPX;0.2;SHIFT;-1
35;1.5;50;0.5;0.5;8;0;11;100000;[[1, 40], [1, 725], [1, 200], [1, 60], [1, 80], [2, 20], [1, 90], [2, 20], [1, 350], [2, 50], [1, 725], [2, 80], [1, 350], [2, 90], [2, 20], [2, 90], [1, 500], [1, 650], [1, 500], [1, 650], [1, 90], [1, 10], [2, 275], [1, 800], [1, 40], [2, 200], [2, 40], [2, 100], [1, 800], [2, 650], [1, 90], [2, 10], [1, 800], [2, 500], [1, 575], [1, 20], [2, 40], [1, 725], [1, 30], [1, 40], [1, 575], [2, 90], [1, 20], [1, 200], [2, 350], [1, 20], [2, 10], [2, 650], [2, 275], [1, 575]];2574.0058422152683;2669.4299756979417;[32, 47, 43, 22, 36, 39, 46, 1, 40, 4, 25, 15, 8, 6, 37, 27, 31, 7, 10, 5, 3, 12, 14, 16, 42, 28, 9, 17, 13, 21, 26, 49, 23, 35, 19, 41, 50, 18, 20, 38, 11, 29, 2, 24, 44, 33, 45, 34, 30, 48];9534;251;268;10000;200;2;0.2;10;RANKING;-1;0.8;OPX;0.2;SHIFT;-1
36;1.5;50;0.5;0.5;8;0;11;100000;[[1, 40], [1, 725], [1, 200], [1, 60], [1, 80], [2, 20], [1, 90], [2, 20], [1, 350], [2, 50], [1, 725], [2, 80], [1, 350], [2, 90], [2, 20], [2, 90], [1, 500], [1, 650], [1, 500], [1, 650], [1, 90], [1, 10], [2, 275], [1, 800], [1, 40], [2, 200], [2, 40], [2, 100], [1, 800], [2, 650], [1, 90], [2, 10], [1, 800], [2, 500], [1, 575], [1, 20], [2, 40], [1, 725], [1, 30], [1, 40], [1, 575], [2, 90], [1, 20], [1, 200], [2, 350], [1, 20], [2, 10], [2, 650], [2, 275], [1, 575]];2574.0058422152683;2672.4855819460086;[47, 32, 43, 46, 36, 39, 25, 22, 5, 4, 8, 15, 6, 31, 1, 37, 27, 10, 44, 7, 12, 16, 14, 28, 21, 42, 9, 40, 3, 19, 13, 26, 49, 23, 35, 17, 50, 41, 38, 20, 2, 18, 24, 11, 33, 29, 45, 34, 30, 48];9293;211;228;10000;200;2;0.5;10;RANKING;-1;0.8;OPX;0.2;SHIFT;-1
37;1.5;50;0.5;0.5;9;0;11;100000;[[1, 70], [2, 80], [2, 650], [1, 875], [1, 650], [2, 10], [1, 20], [2, 500], [2, 30], [1, 90], [2, 500], [1, 425], [1, 275], [2, 80], [1, 100], [2, 80], [2, 275], [2, 50], [1, 70], [1, 875], [1, 500], [1, 200], [2, 100], [2, 30], [1, 20], [2, 70], [2, 200], [1, 30], [1, 100], [2, 725], [1, 20], [1, 60], [2, 80], [1, 650], [1, 200], [1, 90], [2, 70], [2, 60], [2, 275], [2, 875], [1, 875], [1, 875], [2, 70], [2, 800], [2, 275], [1, 100], [1, 800], [2, 100], [1, 40], [1, 20]];3473.8531683152355;3567.7974207236366;[6, 31, 32, 46, 7, 49, 19, 28, 1, 50, 25, 24, 9, 18, 38, 29, 15, 22, 35, 10, 36, 37, 43, 26, 14, 2, 16, 33, 48, 23, 27, 21, 13, 34, 12, 45, 39, 17, 42, 41, 47, 5, 20, 4, 8, 11, 3, 30, 44, 40];1953;56;270;10000;200;0;0.2;10;RANKING;-1;0.8;OPX;0.2;SHIFT;-1
38;1.5;50;0.5;0.5;9;0;11;100000;[[1, 70], [2, 80], [2, 650], [1, 875], [1, 650], [2, 10], [1, 20], [2, 500], [2, 30], [1, 90], [2, 500], [1, 425], [1, 275], [2, 80], [1, 100], [2, 80], [2, 275], [2, 50], [1, 70], [1, 875], [1, 500], [1, 200], [2, 100], [2, 30], [1, 20], [2, 70], [2, 200], [1, 30], [1, 100], [2, 725], [1, 20], [1, 60], [2, 80], [1, 650], [1, 200], [1, 90], [2, 70], [2, 60], [2, 275], [2, 875], [1, 875], [1, 875], [2, 70], [2, 800], [2, 275], [1, 100], [1, 800], [2, 100], [1, 40], [1, 20]];3473.8531683152355;3558.839985171696;[6, 28, 25, 1, 50, 7, 36, 49, 19, 32, 9, 24, 15, 46, 31, 10, 29, 18, 38, 43, 37, 26, 2, 14, 16, 33, 35, 22, 48, 23, 27, 12, 13, 34, 21, 17, 39, 45, 41, 20, 47, 5, 4, 42, 11, 8, 3, 30, 44, 40];6809;185;266;10000;200;0;0.5;10;RANKING;-1;0.8;OPX;0.2;SHIFT;-1
39;1.5;50;0.5;0.5;9;0;11;100000;[[1, 70], [2, 80], [2, 650], [1, 875], [1, 650], [2, 10], [1, 20], [2, 500], [2, 30], [1, 90], [2, 500], [1, 425], [1, 275], [2, 80], [1, 100], [2, 80], [2, 275], [2, 50], [1, 70], [1, 875], [1, 500], [1, 200], [2, 100], [2, 30], [1, 20], [2, 70], [2, 200], [1, 30], [1, 100], [2, 725], [1, 20], [1, 60], [2, 80], [1, 650], [1, 200], [1, 90], [2, 70], [2, 60], [2, 275], [2, 875], [1, 875], [1, 875], [2, 70], [2, 800], [2, 275], [1, 100], [1, 800], [2, 100], [1, 40], [1, 20]];3473.8531683152355;3565.091761325899;[6, 10, 36, 49, 31, 7, 25, 50, 28, 32, 15, 5, 9, 24, 1, 19, 46, 29, 18, 38, 37, 26, 43, 16, 14, 33, 2, 22, 35, 23, 48, 27, 21, 13, 34, 12, 17, 39, 45, 41, 42, 47, 4, 20, 11, 8, 3, 30, 44, 40];8400;271;326;10000;200;2;0.2;10;RANKING;-1;0.8;OPX;0.2;SHIFT;-1
40;1.5;50;0.5;0.5;9;0;11;100000;[[1, 70], [2, 80], [2, 650], [1, 875], [1, 650], [2, 10], [1, 20], [2, 500], [2, 30], [1, 90], [2, 500], [1, 425], [1, 275], [2, 80], [1, 100], [2, 80], [2, 275], [2, 50], [1, 70], [1, 875], [1, 500], [1, 200], [2, 100], [2, 30], [1, 20], [2, 70], [2, 200], [1, 30], [1, 100], [2, 725], [1, 20], [1, 60], [2, 80], [1, 650], [1, 200], [1, 90], [2, 70], [2, 60], [2, 275], [2, 875], [1, 875], [1, 875], [2, 70], [2, 800], [2, 275], [1, 100], [1, 800], [2, 100], [1, 40], [1, 20]];3473.8531683152355;3561.7290756833677;[6, 25, 31, 7, 32, 1, 50, 49, 28, 9, 24, 36, 10, 19, 46, 18, 29, 15, 38, 37, 43, 26, 33, 2, 14, 16, 35, 22, 23, 48, 30, 27, 21, 13, 34, 12, 39, 45, 17, 42, 41, 47, 5, 20, 4, 8, 11, 3, 44, 40];9265;251;273;10000;200;2;0.5;10;RANKING;-1;0.8;OPX;0.2;SHIFT;-1
41;1.5;50;0.5;0.5;10;0;11;100000;[[1, 350], [1, 60], [1, 20], [1, 50], [1, 100], [1, 40], [2, 30], [2, 650], [2, 90], [1, 50], [1, 90], [2, 425], [2, 80], [1, 650], [2, 200], [2, 575], [1, 90], [2, 200], [1, 875], [2, 875], [2, 20], [1, 50], [2, 60], [2, 800], [1, 50], [1, 875], [2, 350], [2, 70], [1, 500], [2, 425], [1, 100], [2, 500], [2, 575], [1, 800], [1, 725], [1, 350], [1, 350], [2, 90], [1, 90], [1, 70], [2, 60], [1, 50], [1, 875], [1, 70], [1, 500], [2, 40], [2, 350], [1, 50], [1, 575], [2, 875]];5759.68463271097;5863.740737007827;[21, 7, 11, 31, 6, 48, 22, 44, 9, 3, 17, 39, 42, 10, 25, 4, 2, 40, 5, 46, 23, 41, 28, 13, 38, 1, 37, 15, 18, 45, 29, 36, 49, 27, 47, 35, 14, 26, 34, 43, 19, 30, 12, 32, 16, 33, 8, 24, 50, 20];2087;66;305;10000;200;0;0.2;10;RANKING;-1;0.8;OPX;0.2;SHIFT;-1
42;1.5;50;0.5;0.5;10;0;11;100000;[[1, 350], [1, 60], [1, 20], [1, 50], [1, 100], [1, 40], [2, 30], [2, 650], [2, 90], [1, 50], [1, 90], [2, 425], [2, 80], [1, 650], [2, 200], [2, 575], [1, 90], [2, 200], [1, 875], [2, 875], [2, 20], [1, 50], [2, 60], [2, 800], [1, 50], [1, 875], [2, 350], [2, 70], [1, 500], [2, 425], [1, 100], [2, 500], [2, 575], [1, 800], [1, 725], [1, 350], [1, 350], [2, 90], [1, 90], [1, 70], [2, 60], [1, 50], [1, 875], [1, 70], [1, 500], [2, 40], [2, 350], [1, 50], [1, 575], [2, 875]];5759.68463271097;5865.5751707221025;[21, 4, 6, 42, 44, 39, 3, 22, 10, 48, 25, 7, 46, 40, 5, 17, 11, 31, 2, 41, 23, 28, 13, 38, 9, 1, 37, 18, 15, 29, 14, 36, 49, 35, 45, 27, 47, 19, 34, 26, 43, 30, 12, 32, 33, 16, 8, 24, 20, 50];4280;99;240;10000;200;0;0.5;10;RANKING;-1;0.8;OPX;0.2;SHIFT;-1
43;1.5;50;0.5;0.5;10;0;11;100000;[[1, 350], [1, 60], [1, 20], [1, 50], [1, 100], [1, 40], [2, 30], [2, 650], [2, 90], [1, 50], [1, 90], [2, 425], [2, 80], [1, 650], [2, 200], [2, 575], [1, 90], [2, 200], [1, 875], [2, 875], [2, 20], [1, 50], [2, 60], [2, 800], [1, 50], [1, 875], [2, 350], [2, 70], [1, 500], [2, 425], [1, 100], [2, 500], [2, 575], [1, 800], [1, 725], [1, 350], [1, 350], [2, 90], [1, 90], [1, 70], [2, 60], [1, 50], [1, 875], [1, 70], [1, 500], [2, 40], [2, 350], [1, 50], [1, 575], [2, 875]];5759.68463271097;5860.2981315538145;[21, 22, 6, 42, 40, 3, 4, 48, 10, 25, 44, 17, 2, 7, 31, 5, 39, 11, 41, 23, 28, 13, 9, 38, 15, 18, 29, 1, 36, 45, 49, 46, 37, 47, 27, 35, 14, 19, 34, 43, 26, 30, 12, 32, 33, 16, 8, 24, 20, 50];4012;139;343;10000;200;2;0.2;10;RANKING;-1;0.8;OPX;0.2;SHIFT;-1
44;1.5;50;0.5;0.5;10;0;11;100000;[[1, 350], [1, 60], [1, 20], [1, 50], [1, 100], [1, 40], [2, 30], [2, 650], [2, 90], [1, 50], [1, 90], [2, 425], [2, 80], [1, 650], [2, 200], [2, 575], [1, 90], [2, 200], [1, 875], [2, 875], [2, 20], [1, 50], [2, 60], [2, 800], [1, 50], [1, 875], [2, 350], [2, 70], [1, 500], [2, 425], [1, 100], [2, 500], [2, 575], [1, 800], [1, 725], [1, 350], [1, 350], [2, 90], [1, 90], [1, 70], [2, 60], [1, 50], [1, 875], [1, 70], [1, 500], [2, 40], [2, 350], [1, 50], [1, 575], [2, 875]];5759.68463271097;5871.553152955052;[21, 7, 5, 25, 3, 44, 40, 11, 39, 22, 4, 2, 10, 42, 6, 48, 31, 46, 23, 41, 28, 13, 9, 38, 29, 36, 1, 17, 37, 15, 18, 49, 45, 35, 14, 47, 27, 26, 34, 43, 19, 30, 12, 32, 33, 16, 8, 24, 50, 20];10051;265;266;10000;200;2;0.5;10;RANKING;-1;0.8;OPX;0.2;SHIFT;-1
45;1.5;50;0.5;0.5;11;0;11;100000;[[1, 350], [1, 575], [2, 100], [1, 725], [1, 425], [2, 10], [2, 425], [1, 90], [1, 800], [2, 90], [1, 50], [2, 60], [1, 70], [1, 50], [2, 50], [2, 30], [1, 575], [2, 350], [1, 650], [1, 800], [1, 650], [2, 350], [2, 40], [1, 60], [2, 10], [2, 90], [1, 100], [1, 725], [2, 425], [2, 650], [1, 40], [1, 90], [2, 40], [1, 90], [2, 800], [1, 90], [2, 350], [2, 800], [1, 10], [2, 200], [1, 60], [1, 90], [2, 50], [2, 425], [2, 80], [2, 875], [1, 30], [2, 100], [1, 275], [1, 500]];4086.7809211201643;4173.586180805704;[6, 25, 41, 39, 34, 31, 11, 32, 13, 14, 24, 36, 42, 16, 27, 47, 8, 23, 33, 43, 15, 12, 45, 10, 26, 48, 3, 40, 1, 50, 2, 21, 49, 17, 5, 19, 22, 18, 37, 4, 28, 20, 9, 44, 7, 29, 30, 35, 38, 46];926;37;317;10000;200;0;0.2;10;RANKING;-1;0.8;OPX;0.2;SHIFT;-1
46;1.5;50;0.5;0.5;11;0;11;100000;[[1, 350], [1, 575], [2, 100], [1, 725], [1, 425], [2, 10], [2, 425], [1, 90], [1, 800], [2, 90], [1, 50], [2, 60], [1, 70], [1, 50], [2, 50], [2, 30], [1, 575], [2, 350], [1, 650], [1, 800], [1, 650], [2, 350], [2, 40], [1, 60], [2, 10], [2, 90], [1, 100], [1, 725], [2, 425], [2, 650], [1, 40], [1, 90], [2, 40], [1, 90], [2, 800], [1, 90], [2, 350], [2, 800], [1, 10], [2, 200], [1, 60], [1, 90], [2, 50], [2, 425], [2, 80], [2, 875], [1, 30], [2, 100], [1, 275], [1, 500]];4086.7809211201643;4169.237427728178;[6, 25, 39, 36, 13, 31, 14, 11, 47, 16, 33, 23, 32, 24, 34, 27, 41, 8, 15, 43, 12, 45, 10, 26, 48, 3, 42, 49, 1, 40, 17, 50, 2, 21, 5, 19, 22, 37, 18, 4, 28, 9, 20, 7, 44, 29, 30, 38, 35, 46];9653;248;255;10000;200;0;0.5;10;RANKING;-1;0.8;OPX;0.2;SHIFT;-1
47;1.5;50;0.5;0.5;11;0;11;100000;[[1, 350], [1, 575], [2, 100], [1, 725], [1, 425], [2, 10], [2, 425], [1, 90], [1, 800], [2, 90], [1, 50], [2, 60], [1, 70], [1, 50], [2, 50], [2, 30], [1, 575], [2, 350], [1, 650], [1, 800], [1, 650], [2, 350], [2, 40], [1, 60], [2, 10], [2, 90], [1, 100], [1, 725], [2, 425], [2, 650], [1, 40], [1, 90], [2, 40], [1, 90], [2, 800], [1, 90], [2, 350], [2, 800], [1, 10], [2, 200], [1, 60], [1, 90], [2, 50], [2, 425], [2, 80], [2, 875], [1, 30], [2, 100], [1, 275], [1, 500]];4086.7809211201643;4171.3783144758345;[6, 25, 47, 39, 13, 14, 16, 24, 11, 41, 8, 32, 42, 31, 34, 36, 27, 33, 12, 23, 15, 43, 45, 26, 10, 3, 48, 40, 1, 50, 49, 17, 2, 5, 19, 21, 9, 28, 4, 20, 18, 22, 37, 7, 44, 29, 30, 35, 38, 46];5374;178;324;10000;200;2;0.2;10;RANKING;-1;0.8;OPX;0.2;SHIFT;-1
48;1.5;50;0.5;0.5;11;0;11;100000;[[1, 350], [1, 575], [2, 100], [1, 725], [1, 425], [2, 10], [2, 425], [1, 90], [1, 800], [2, 90], [1, 50], [2, 60], [1, 70], [1, 50], [2, 50], [2, 30], [1, 575], [2, 350], [1, 650], [1, 800], [1, 650], [2, 350], [2, 40], [1, 60], [2, 10], [2, 90], [1, 100], [1, 725], [2, 425], [2, 650], [1, 40], [1, 90], [2, 40], [1, 90], [2, 800], [1, 90], [2, 350], [2, 800], [1, 10], [2, 200], [1, 60], [1, 90], [2, 50], [2, 425], [2, 80], [2, 875], [1, 30], [2, 100], [1, 275], [1, 500]];4086.7809211201643;4174.052209452667;[25, 6, 39, 14, 13, 47, 16, 34, 11, 41, 24, 31, 8, 23, 27, 42, 36, 32, 43, 15, 12, 45, 10, 26, 3, 48, 40, 1, 49, 50, 33, 21, 5, 2, 19, 20, 17, 4, 28, 9, 37, 22, 18, 44, 7, 29, 30, 38, 35, 46];6289;166;275;10000;200;2;0.5;10;RANKING;-1;0.8;OPX;0.2;SHIFT;-1
49;1.5;50;0.5;0.5;12;0;11;100000;[[2, 20], [2, 100], [2, 40], [1, 20], [1, 90], [2, 30], [1, 500], [1, 200], [1, 60], [2, 650], [2, 575], [1, 40], [1, 275], [2, 575], [1, 650], [2, 800], [1, 200], [2, 425], [1, 575], [1, 425], [2, 800], [2, 425], [1, 100], [2, 575], [2, 500], [1, 875], [2, 575], [2, 40], [2, 650], [2, 575], [2, 275], [1, 500], [2, 275], [2, 20], [1, 275], [2, 60], [1, 575], [2, 725], [1, 20], [1, 275], [1, 70], [2, 70], [2, 500], [1, 350], [1, 100], [2, 500], [1, 80], [1, 875], [1, 725], [2, 70]];11230.320688040789;11348.729024347647;[4, 12, 39, 34, 1, 6, 28, 3, 41, 5, 8, 9, 47, 23, 45, 36, 42, 50, 2, 13, 17, 40, 44, 20, 35, 33, 31, 7, 37, 32, 49, 19, 48, 15, 26, 18, 22, 46, 25, 43, 27, 24, 30, 11, 14, 10, 29, 38, 21, 16];6520;216;311;10000;200;0;0.2;10;RANKING;-1;0.8;OPX;0.2;SHIFT;-1
50;1.5;50;0.5;0.5;12;0;11;100000;[[2, 20], [2, 100], [2, 40], [1, 20], [1, 90], [2, 30], [1, 500], [1, 200], [1, 60], [2, 650], [2, 575], [1, 40], [1, 275], [2, 575], [1, 650], [2, 800], [1, 200], [2, 425], [1, 575], [1, 425], [2, 800], [2, 425], [1, 100], [2, 575], [2, 500], [1, 875], [2, 575], [2, 40], [2, 650], [2, 575], [2, 275], [1, 500], [2, 275], [2, 20], [1, 275], [2, 60], [1, 575], [2, 725], [1, 20], [1, 275], [1, 70], [2, 70], [2, 500], [1, 350], [1, 100], [2, 500], [1, 80], [1, 875], [1, 725], [2, 70]];11230.320688040789;11363.049260964159;[1, 34, 12, 4, 47, 9, 6, 3, 28, 36, 13, 5, 23, 39, 41, 50, 42, 2, 8, 17, 35, 40, 20, 45, 37, 44, 32, 7, 19, 31, 33, 48, 15, 49, 26, 22, 18, 43, 25, 46, 14, 11, 30, 27, 24, 10, 29, 38, 16, 21];4256;118;275;10000;200;0;0.5;10;RANKING;-1;0.8;OPX;0.2;SHIFT;-1
51;1.5;50;0.5;0.5;12;0;11;100000;[[2, 20], [2, 100], [2, 40], [1, 20], [1, 90], [2, 30], [1, 500], [1, 200], [1, 60], [2, 650], [2, 575], [1, 40], [1, 275], [2, 575], [1, 650], [2, 800], [1, 200], [2, 425], [1, 575], [1, 425], [2, 800], [2, 425], [1, 100], [2, 575], [2, 500], [1, 875], [2, 575], [2, 40], [2, 650], [2, 575], [2, 275], [1, 500], [2, 275], [2, 20], [1, 275], [2, 60], [1, 575], [2, 725], [1, 20], [1, 275], [1, 70], [2, 70], [2, 500], [1, 350], [1, 100], [2, 500], [1, 80], [1, 875], [1, 725], [2, 70]];11230.320688040789;11357.368767621767;[34, 1, 9, 45, 4, 12, 39, 6, 47, 41, 3, 28, 36, 5, 8, 50, 42, 2, 17, 23, 35, 13, 40, 14, 44, 20, 31, 33, 32, 19, 7, 49, 37, 48, 15, 26, 22, 18, 46, 25, 43, 30, 11, 27, 24, 29, 10, 38, 16, 21];5704;199;332;10000;200;2;0.2;10;RANKING;-1;0.8;OPX;0.2;SHIFT;-1
52;1.5;50;0.5;0.5;12;0;11;100000;[[2, 20], [2, 100], [2, 40], [1, 20], [1, 90], [2, 30], [1, 500], [1, 200], [1, 60], [2, 650], [2, 575], [1, 40], [1, 275], [2, 575], [1, 650], [2, 800], [1, 200], [2, 425], [1, 575], [1, 425], [2, 800], [2, 425], [1, 100], [2, 575], [2, 500], [1, 875], [2, 575], [2, 40], [2, 650], [2, 575], [2, 275], [1, 500], [2, 275], [2, 20], [1, 275], [2, 60], [1, 575], [2, 725], [1, 20], [1, 275], [1, 70], [2, 70], [2, 500], [1, 350], [1, 100], [2, 500], [1, 80], [1, 875], [1, 725], [2, 70]];11230.320688040789;11364.070657613369;[4, 39, 1, 34, 6, 9, 12, 23, 47, 28, 3, 36, 42, 50, 2, 5, 17, 35, 45, 41, 8, 44, 7, 13, 40, 33, 31, 19, 37, 20, 49, 48, 15, 26, 22, 18, 46, 25, 32, 43, 27, 11, 24, 14, 30, 29, 10, 38, 21, 16];2716;65;236;10000;200;2;0.5;10;RANKING;-1;0.8;OPX;0.2;SHIFT;-1
53;1.5;50;0.5;0.5;13;0;11;100000;[[2, 90], [1, 800], [1, 90], [2, 350], [2, 10], [2, 725], [2, 650], [2, 40], [1, 275], [2, 350], [2, 725], [1, 725], [2, 875], [1, 70], [1, 10], [2, 10], [2, 500], [2, 650], [2, 50], [2, 800], [2, 70], [2, 875], [2, 725], [1, 275], [2, 650], [2, 500], [1, 800], [2, 50], [2, 40], [1, 350], [2, 10], [2, 100], [2, 40], [1, 875], [2, 100], [2, 90], [1, 60], [2, 275], [1, 50], [2, 200], [1, 800], [1, 50], [2, 30], [2, 10], [2, 275], [1, 30], [1, 875], [1, 200], [2, 60], [2, 10]];8353.555271560674;8440.31978855735;[16, 31, 5, 50, 44, 15, 37, 42, 43, 39, 46, 3, 14, 33, 29, 8, 28, 19, 49, 21, 36, 1, 32, 35, 24, 30, 48, 9, 40, 38, 45, 4, 10, 27, 2, 41, 12, 47, 34, 17, 26, 25, 7, 18, 23, 6, 11, 20, 13, 22];5353;171;310;10000;200;0;0.2;10;RANKING;-1;0.8;OPX;0.2;SHIFT;-1
54;1.5;50;0.5;0.5;13;0;11;100000;[[2, 90], [1, 800], [1, 90], [2, 350], [2, 10], [2, 725], [2, 650], [2, 40], [1, 275], [2, 350], [2, 725], [1, 725], [2, 875], [1, 70], [1, 10], [2, 10], [2, 500], [2, 650], [2, 50], [2, 800], [2, 70], [2, 875], [2, 725], [1, 275], [2, 650], [2, 500], [1, 800], [2, 50], [2, 40], [1, 350], [2, 10], [2, 100], [2, 40], [1, 875], [2, 100], [2, 90], [1, 60], [2, 275], [1, 50], [2, 200], [1, 800], [1, 50], [2, 30], [2, 10], [2, 275], [1, 30], [1, 875], [1, 200], [2, 60], [2, 10]];8353.555271560674;8440.31978855735;[5, 16, 50, 44, 31, 15, 37, 39, 43, 42, 46, 3, 14, 29, 8, 33, 19, 28, 49, 21, 36, 1, 35, 32, 9, 30, 48, 24, 40, 38, 45, 4, 10, 41, 27, 2, 12, 34, 47, 26, 17, 7, 25, 18, 11, 6, 23, 20, 13, 22];1599;46;255;10000;200;0;0.5;10;RANKING;-1;0.8;OPX;0.2;SHIFT;-1
55;1.5;50;0.5;0.5;13;0;11;100000;[[2, 90], [1, 800], [1, 90], [2, 350], [2, 10], [2, 725], [2, 650], [2, 40], [1, 275], [2, 350], [2, 725], [1, 725], [2, 875], [1, 70], [1, 10], [2, 10], [2, 500], [2, 650], [2, 50], [2, 800], [2, 70], [2, 875], [2, 725], [1, 275], [2, 650], [2, 500], [1, 800], [2, 50], [2, 40], [1, 350], [2, 10], [2, 100], [2, 40], [1, 875], [2, 100], [2, 90], [1, 60], [2, 275], [1, 50], [2, 200], [1, 800], [1, 50], [2, 30], [2, 10], [2, 275], [1, 30], [1, 875], [1, 200], [2, 60], [2, 10]];8353.555271560674;8440.31978855735;[50, 5, 31, 16, 44, 15, 37, 42, 43, 39, 46, 3, 14, 29, 33, 8, 19, 28, 24, 49, 21, 36, 1, 35, 32, 30, 48, 9, 40, 38, 45, 4, 10, 2, 27, 41, 12, 34, 47, 17, 26, 25, 18, 7, 23, 11, 6, 20, 13, 22];1523;55;319;10000;200;2;0.2;10;RANKING;-1;0.8;OPX;0.2;SHIFT;-1
56;1.5;50;0.5;0.5;13;0;11;100000;[[2, 90], [1, 800], [1, 90], [2, 350], [2, 10], [2, 725], [2, 650], [2, 40], [1, 275], [2, 350], [2, 725], [1, 725], [2, 875], [1, 70], [1, 10], [2, 10], [2, 500], [2, 650], [2, 50], [2, 800], [2, 70], [2, 875], [2, 725], [1, 275], [2, 650], [2, 500], [1, 800], [2, 50], [2, 40], [1, 350], [2, 10], [2, 100], [2, 40], [1, 875], [2, 100], [2, 90], [1, 60], [2, 275], [1, 50], [2, 200], [1, 800], [1, 50], [2, 30], [2, 10], [2, 275], [1, 30], [1, 875], [1, 200], [2, 60], [2, 10]];8353.555271560674;8440.41585356466;[31, 5, 16, 44, 50, 39, 37, 15, 43, 14, 3, 46, 42, 8, 33, 29, 19, 28, 49, 21, 36, 1, 32, 35, 9, 30, 34, 48, 24, 40, 45, 38, 10, 4, 41, 27, 2, 12, 47, 17, 26, 7, 25, 18, 6, 23, 11, 20, 22, 13];6180;156;254;10000;200;2;0.5;10;RANKING;-1;0.8;OPX;0.2;SHIFT;-1
57;1.5;50;0.5;0.5;14;0;11;100000;[[1, 80], [2, 100], [1, 90], [2, 90], [1, 350], [1, 30], [1, 425], [2, 80], [2, 875], [2, 100], [2, 875], [2, 60], [1, 10], [1, 50], [1, 200], [2, 90], [2, 70], [2, 50], [1, 70], [2, 70], [1, 575], [1, 70], [1, 90], [1, 875], [1, 10], [2, 10], [1, 200], [1, 500], [2, 650], [2, 90], [1, 70], [2, 60], [2, 100], [1, 875], [1, 50], [1, 425], [1, 70], [1, 800], [1, 875], [1, 650], [2, 80], [1, 70], [1, 100], [1, 40], [2, 650], [2, 575], [1, 350], [2, 275], [1, 20], [1, 800]];2719.7465162377844;2790.7092686759115;[26, 19, 35, 6, 13, 49, 3, 25, 23, 22, 31, 44, 14, 1, 37, 42, 43, 18, 12, 32, 20, 17, 8, 41, 4, 16, 30, 10, 2, 33, 15, 5, 27, 47, 7, 36, 21, 28, 48, 38, 40, 34, 50, 39, 24, 46, 29, 45, 9, 11];6097;147;238;10000;200;0;0.2;10;RANKING;-1;0.8;OPX;0.2;SHIFT;-1
58;1.5;50;0.5;0.5;14;0;11;100000;[[1, 80], [2, 100], [1, 90], [2, 90], [1, 350], [1, 30], [1, 425], [2, 80], [2, 875], [2, 100], [2, 875], [2, 60], [1, 10], [1, 50], [1, 200], [2, 90], [2, 70], [2, 50], [1, 70], [2, 70], [1, 575], [1, 70], [1, 90], [1, 875], [1, 10], [2, 10], [1, 200], [1, 500], [2, 650], [2, 90], [1, 70], [2, 60], [2, 100], [1, 875], [1, 50], [1, 425], [1, 70], [1, 800], [1, 875], [1, 650], [2, 80], [1, 70], [1, 100], [1, 40], [2, 650], [2, 575], [1, 350], [2, 275], [1, 20], [1, 800]];2719.7465162377844;2790.6673212218197;[26, 6, 14, 25, 19, 13, 23, 3, 22, 37, 44, 35, 49, 1, 31, 42, 43, 18, 12, 32, 20, 17, 8, 41, 30, 4, 16, 10, 33, 2, 15, 5, 27, 47, 7, 36, 21, 28, 48, 50, 40, 34, 38, 39, 24, 46, 45, 29, 11, 9];4811;101;203;10000;200;0;0.5;10;RANKING;-1;0.8;OPX;0.2;SHIFT;-1
59;1.5;50;0.5;0.5;14;0;11;100000;[[1, 80], [2, 100], [1, 90], [2, 90], [1, 350], [1, 30], [1, 425], [2, 80], [2, 875], [2, 100], [2, 875], [2, 60], [1, 10], [1, 50], [1, 200], [2, 90], [2, 70], [2, 50], [1, 70], [2, 70], [1, 575], [1, 70], [1, 90], [1, 875], [1, 10], [2, 10], [1, 200], [1, 500], [2, 650], [2, 90], [1, 70], [2, 60], [2, 100], [1, 875], [1, 50], [1, 425], [1, 70], [1, 800], [1, 875], [1, 650], [2, 80], [1, 70], [1, 100], [1, 40], [2, 650], [2, 575], [1, 350], [2, 275], [1, 20], [1, 800]];2719.7465162377844;2791.3671103118313;[26, 6, 14, 25, 42, 49, 13, 23, 19, 3, 22, 31, 44, 1, 35, 43, 18, 32, 12, 20, 17, 41, 8, 16, 4, 30, 33, 10, 2, 47, 15, 7, 27, 5, 36, 28, 21, 48, 50, 40, 24, 37, 38, 39, 34, 46, 29, 45, 9, 11];2472;68;252;10000;200;2;0.2;10;RANKING;-1;0.8;OPX;0.2;SHIFT;-1
60;1.5;50;0.5;0.5;14;0;11;100000;[[1, 80], [2, 100], [1, 90], [2, 90], [1, 350], [1, 30], [1, 425], [2, 80], [2, 875], [2, 100], [2, 875], [2, 60], [1, 10], [1, 50], [1, 200], [2, 90], [2, 70], [2, 50], [1, 70], [2, 70], [1, 575], [1, 70], [1, 90], [1, 875], [1, 10], [2, 10], [1, 200], [1, 500], [2, 650], [2, 90], [1, 70], [2, 60], [2, 100], [1, 875], [1, 50], [1, 425], [1, 70], [1, 800], [1, 875], [1, 650], [2, 80], [1, 70], [1, 100], [1, 40], [2, 650], [2, 575], [1, 350], [2, 275], [1, 20], [1, 800]];2719.7465162377844;2790.3651273736423;[6, 49, 25, 13, 35, 44, 26, 37, 42, 3, 22, 23, 19, 14, 31, 1, 43, 18, 12, 32, 17, 20, 41, 8, 16, 4, 30, 2, 33, 10, 27, 5, 15, 47, 9, 7, 36, 21, 28, 48, 38, 40, 39, 50, 24, 34, 46, 29, 45, 11];2978;63;216;10000;200;2;0.5;10;RANKING;-1;0.8;OPX;0.2;SHIFT;-1
61;1.5;50;0.5;0.5;15;0;11;100000;[[2, 800], [1, 30], [2, 350], [2, 80], [1, 90], [2, 20], [2, 875], [1, 650], [2, 70], [1, 425], [2, 875], [1, 20], [1, 100], [1, 100], [1, 350], [2, 425], [2, 60], [2, 50], [2, 575], [1, 20], [2, 350], [2, 350], [2, 350], [1, 80], [2, 10], [2, 90], [1, 875], [2, 650], [2, 575], [1, 60], [1, 650], [1, 425], [2, 875], [2, 500], [2, 425], [1, 10], [1, 10], [1, 275], [1, 725], [1, 725], [1, 60], [2, 800], [1, 500], [1, 200], [2, 350], [2, 500], [1, 875], [2, 80], [2, 650], [1, 575]];13143.99251429357;13313.8214211978;[25, 6, 20, 30, 24, 5, 41, 36, 12, 2, 18, 17, 37, 14, 44, 13, 9, 48, 4, 26, 15, 38, 50, 43, 45, 8, 31, 10, 32, 22, 23, 21, 3, 27, 40, 47, 39, 16, 35, 34, 46, 29, 19, 28, 49, 42, 1, 7, 33, 11];5077;142;274;10000;200;0;0.2;10;RANKING;-1;0.8;OPX;0.2;SHIFT;-1
62;1.5;50;0.5;0.5;15;0;11;100000;[[2, 800], [1, 30], [2, 350], [2, 80], [1, 90], [2, 20], [2, 875], [1, 650], [2, 70], [1, 425], [2, 875], [1, 20], [1, 100], [1, 100], [1, 350], [2, 425], [2, 60], [2, 50], [2, 575], [1, 20], [2, 350], [2, 350], [2, 350], [1, 80], [2, 10], [2, 90], [1, 875], [2, 650], [2, 575], [1, 60], [1, 650], [1, 425], [2, 875], [2, 500], [2, 425], [1, 10], [1, 10], [1, 275], [1, 725], [1, 725], [1, 60], [2, 800], [1, 500], [1, 200], [2, 350], [2, 500], [1, 875], [2, 80], [2, 650], [1, 575]];13143.99251429357;13321.168097047355;[25, 6, 36, 30, 2, 12, 24, 20, 5, 41, 18, 17, 14, 44, 13, 37, 9, 4, 48, 26, 32, 38, 10, 31, 15, 43, 23, 45, 21, 3, 22, 27, 50, 39, 8, 40, 47, 35, 16, 34, 46, 19, 29, 49, 28, 1, 42, 7, 33, 11];3282;68;223;10000;200;0;0.5;10;RANKING;-1;0.8;OPX;0.2;SHIFT;-1
63;1.5;50;0.5;0.5;15;0;11;100000;[[2, 800], [1, 30], [2, 350], [2, 80], [1, 90], [2, 20], [2, 875], [1, 650], [2, 70], [1, 425], [2, 875], [1, 20], [1, 100], [1, 100], [1, 350], [2, 425], [2, 60], [2, 50], [2, 575], [1, 20], [2, 350], [2, 350], [2, 350], [1, 80], [2, 10], [2, 90], [1, 875], [2, 650], [2, 575], [1, 60], [1, 650], [1, 425], [2, 875], [2, 500], [2, 425], [1, 10], [1, 10], [1, 275], [1, 725], [1, 725], [1, 60], [2, 800], [1, 500], [1, 200], [2, 350], [2, 500], [1, 875], [2, 80], [2, 650], [1, 575]];13143.99251429357;13288.976617204198;[25, 30, 2, 20, 37, 45, 12, 41, 6, 18, 24, 44, 5, 36, 13, 14, 17, 9, 48, 4, 26, 15, 10, 32, 38, 50, 43, 23, 22, 3, 21, 8, 31, 40, 27, 39, 47, 16, 35, 34, 46, 29, 19, 28, 49, 1, 42, 33, 7, 11];3049;90;269;10000;200;2;0.2;10;RANKING;-1;0.8;OPX;0.2;SHIFT;-1
64;1.5;50;0.5;0.5;15;0;11;100000;[[2, 800], [1, 30], [2, 350], [2, 80], [1, 90], [2, 20], [2, 875], [1, 650], [2, 70], [1, 425], [2, 875], [1, 20], [1, 100], [1, 100], [1, 350], [2, 425], [2, 60], [2, 50], [2, 575], [1, 20], [2, 350], [2, 350], [2, 350], [1, 80], [2, 10], [2, 90], [1, 875], [2, 650], [2, 575], [1, 60], [1, 650], [1, 425], [2, 875], [2, 500], [2, 425], [1, 10], [1, 10], [1, 275], [1, 725], [1, 725], [1, 60], [2, 800], [1, 500], [1, 200], [2, 350], [2, 500], [1, 875], [2, 80], [2, 650], [1, 575]];13143.99251429357;13300.811512510129;[25, 13, 37, 6, 36, 20, 18, 44, 41, 30, 12, 2, 24, 14, 17, 48, 4, 26, 38, 5, 15, 9, 50, 10, 32, 8, 31, 43, 45, 23, 3, 22, 21, 39, 40, 47, 27, 16, 35, 34, 46, 29, 19, 49, 28, 42, 1, 33, 7, 11];4821;114;235;10000;200;2;0.5;10;RANKING;-1;0.8;OPX;0.2;SHIFT;-1
65;1.5;50;0.5;0.5;16;0;11;100000;[[2, 575], [2, 10], [1, 575], [2, 30], [2, 275], [2, 425], [1, 10], [2, 200], [1, 650], [1, 500], [1, 40], [1, 10], [1, 650], [1, 425], [2, 425], [2, 100], [1, 875], [1, 30], [2, 70], [1, 100], [2, 100], [2, 10], [1, 40], [1, 10], [1, 200], [1, 425], [1, 275], [1, 70], [2, 80], [1, 20], [2, 875], [2, 80], [2, 275], [1, 90], [2, 350], [2, 425], [1, 10], [1, 90], [1, 875], [1, 100], [1, 200], [1, 800], [2, 200], [2, 575], [1, 875], [1, 100], [2, 80], [1, 90], [1, 425], [1, 875]];3751.778809703108;3860.317912907143;[22, 2, 7, 38, 37, 24, 12, 11, 18, 28, 30, 23, 4, 46, 20, 48, 34, 19, 29, 32, 47, 41, 25, 40, 27, 16, 21, 8, 43, 10, 49, 14, 9, 26, 3, 5, 33, 35, 39, 50, 42, 13, 17, 45, 6, 36, 15, 1, 44, 31];6389;160;246;10000;200;0;0.2;10;RANKING;-1;0.8;OPX;0.2;SHIFT;-1
66;1.5;50;0.5;0.5;16;0;11;100000;[[2, 575], [2, 10], [1, 575], [2, 30], [2, 275], [2, 425], [1, 10], [2, 200], [1, 650], [1, 500], [1, 40], [1, 10], [1, 650], [1, 425], [2, 425], [2, 100], [1, 875], [1, 30], [2, 70], [1, 100], [2, 100], [2, 10], [1, 40], [1, 10], [1, 200], [1, 425], [1, 275], [1, 70], [2, 80], [1, 20], [2, 875], [2, 80], [2, 275], [1, 90], [2, 350], [2, 425], [1, 10], [1, 90], [1, 875], [1, 100], [1, 200], [1, 800], [2, 200], [2, 575], [1, 875], [1, 100], [2, 80], [1, 90], [1, 425], [1, 875]];3751.778809703108;3861.2135669708523;[22, 2, 48, 28, 23, 30, 24, 37, 12, 18, 11, 46, 4, 38, 25, 20, 40, 34, 19, 32, 47, 29, 16, 21, 27, 26, 14, 41, 10, 49, 7, 43, 8, 5, 33, 42, 9, 3, 13, 35, 17, 39, 45, 50, 6, 15, 36, 44, 1, 31];5009;99;200;10000;200;0;0.5;10;RANKING;-1;0.8;OPX;0.2;SHIFT;-1
67;1.5;50;0.5;0.5;16;0;11;100000;[[2, 575], [2, 10], [1, 575], [2, 30], [2, 275], [2, 425], [1, 10], [2, 200], [1, 650], [1, 500], [1, 40], [1, 10], [1, 650], [1, 425], [2, 425], [2, 100], [1, 875], [1, 30], [2, 70], [1, 100], [2, 100], [2, 10], [1, 40], [1, 10], [1, 200], [1, 425], [1, 275], [1, 70], [2, 80], [1, 20], [2, 875], [2, 80], [2, 275], [1, 90], [2, 350], [2, 425], [1, 10], [1, 90], [1, 875], [1, 100], [1, 200], [1, 800], [2, 200], [2, 575], [1, 875], [1, 100], [2, 80], [1, 90], [1, 425], [1, 875]];3751.778809703108;3861.39904414647;[22, 24, 40, 30, 2, 12, 4, 23, 11, 37, 34, 48, 28, 7, 18, 20, 19, 41, 46, 47, 38, 15, 29, 32, 16, 21, 27, 49, 14, 25, 10, 26, 8, 43, 5, 33, 42, 13, 3, 9, 35, 17, 50, 39, 45, 6, 36, 1, 44, 31];1745;51;245;10000;200;2;0.2;10;RANKING;-1;0.8;OPX;0.2;SHIFT;-1
68;1.5;50;0.5;0.5;16;0;11;100000;[[2, 575], [2, 10], [1, 575], [2, 30], [2, 275], [2, 425], [1, 10], [2, 200], [1, 650], [1, 500], [1, 40], [1, 10], [1, 650], [1, 425], [2, 425], [2, 100], [1, 875], [1, 30], [2, 70], [1, 100], [2, 100], [2, 10], [1, 40], [1, 10], [1, 200], [1, 425], [1, 275], [1, 70], [2, 80], [1, 20], [2, 875], [2, 80], [2, 275], [1, 90], [2, 350], [2, 425], [1, 10], [1, 90], [1, 875], [1, 100], [1, 200], [1, 800], [2, 200], [2, 575], [1, 875], [1, 100], [2, 80], [1, 90], [1, 425], [1, 875]];3751.778809703108;3862.370264699462;[12, 7, 2, 22, 24, 11, 37, 18, 28, 30, 23, 4, 38, 48, 25, 34, 46, 20, 40, 19, 32, 47, 29, 21, 16, 49, 10, 41, 27, 8, 43, 14, 26, 5, 33, 35, 9, 45, 3, 42, 50, 13, 17, 39, 6, 15, 36, 44, 1, 31];1625;33;207;10000;200;2;0.5;10;RANKING;-1;0.8;OPX;0.2;SHIFT;-1
69;1.5;50;0.5;0.5;17;0;11;100000;[[1, 10], [2, 425], [2, 20], [2, 500], [2, 90], [2, 70], [1, 275], [1, 100], [1, 100], [1, 80], [1, 100], [2, 500], [1, 80], [2, 20], [1, 80], [1, 100], [1, 875], [2, 10], [2, 10], [1, 50], [1, 60], [2, 100], [2, 275], [2, 275], [1, 350], [2, 875], [1, 650], [1, 90], [1, 200], [2, 100], [2, 275], [1, 50], [1, 20], [1, 875], [2, 350], [1, 100], [1, 575], [1, 40], [1, 725], [1, 10], [2, 875], [2, 575], [1, 500], [2, 200], [2, 40], [2, 10], [1, 200], [2, 500], [1, 650], [1, 30]];3020.2834003219937;3084.520854556865;[18, 19, 46, 3, 14, 50, 40, 1, 38, 20, 13, 33, 21, 32, 9, 45, 36, 10, 15, 16, 11, 28, 6, 5, 30, 22, 7, 29, 8, 47, 43, 25, 44, 23, 24, 31, 35, 27, 37, 39, 49, 17, 34, 2, 48, 12, 4, 42, 26, 41];9650;256;261;10000;200;0;0.2;10;RANKING;-1;0.8;OPX;0.2;SHIFT;-1
70;1.5;50;0.5;0.5;17;0;11;100000;[[1, 10], [2, 425], [2, 20], [2, 500], [2, 90], [2, 70], [1, 275], [1, 100], [1, 100], [1, 80], [1, 100], [2, 500], [1, 80], [2, 20], [1, 80], [1, 100], [1, 875], [2, 10], [2, 10], [1, 50], [1, 60], [2, 100], [2, 275], [2, 275], [1, 350], [2, 875], [1, 650], [1, 90], [1, 200], [2, 100], [2, 275], [1, 50], [1, 20], [1, 875], [2, 350], [1, 100], [1, 575], [1, 40], [1, 725], [1, 10], [2, 875], [2, 575], [1, 500], [2, 200], [2, 40], [2, 10], [1, 200], [2, 500], [1, 650], [1, 30]];3020.2834003219937;3085.9711025932947;[46, 18, 19, 50, 1, 21, 40, 20, 33, 3, 14, 45, 11, 16, 32, 36, 9, 38, 15, 13, 28, 8, 6, 5, 22, 30, 29, 10, 7, 47, 25, 43, 44, 24, 23, 31, 35, 27, 37, 39, 49, 17, 34, 2, 48, 4, 12, 42, 41, 26];9332;200;216;10000;200;0;0.5;10;RANKING;-1;0.8;OPX;0.2;SHIFT;-1
71;1.5;50;0.5;0.5;17;0;11;100000;[[1, 10], [2, 425], [2, 20], [2, 500], [2, 90], [2, 70], [1, 275], [1, 100], [1, 100], [1, 80], [1, 100], [2, 500], [1, 80], [2, 20], [1, 80], [1, 100], [1, 875], [2, 10], [2, 10], [1, 50], [1, 60], [2, 100], [2, 275], [2, 275], [1, 350], [2, 875], [1, 650], [1, 90], [1, 200], [2, 100], [2, 275], [1, 50], [1, 20], [1, 875], [2, 350], [1, 100], [1, 575], [1, 40], [1, 725], [1, 10], [2, 875], [2, 575], [1, 500], [2, 200], [2, 40], [2, 10], [1, 200], [2, 500], [1, 650], [1, 30]];3020.2834003219937;3086.0795281688866;[32, 1, 46, 19, 14, 3, 38, 33, 21, 16, 9, 15, 10, 8, 13, 50, 20, 36, 45, 6, 5, 18, 30, 22, 29, 11, 40, 7, 43, 25, 47, 44, 31, 24, 23, 35, 28, 49, 37, 39, 27, 17, 34, 2, 12, 4, 48, 42, 26, 41];6598;176;255;10000;200;2;0.2;10;RANKING;-1;0.8;OPX;0.2;SHIFT;-1
72;1.5;50;0.5;0.5;17;0;11;100000;[[1, 10], [2, 425], [2, 20], [2, 500], [2, 90], [2, 70], [1, 275], [1, 100], [1, 100], [1, 80], [1, 100], [2, 500], [1, 80], [2, 20], [1, 80], [1, 100], [1, 875], [2, 10], [2, 10], [1, 50], [1, 60], [2, 100], [2, 275], [2, 275], [1, 350], [2, 875], [1, 650], [1, 90], [1, 200], [2, 100], [2, 275], [1, 50], [1, 20], [1, 875], [2, 350], [1, 100], [1, 575], [1, 40], [1, 725], [1, 10], [2, 875], [2, 575], [1, 500], [2, 200], [2, 40], [2, 10], [1, 200], [2, 500], [1, 650], [1, 30]];3020.2834003219937;3087.9081111943046;[43, 40, 33, 1, 19, 18, 46, 3, 14, 15, 32, 50, 38, 20, 21, 45, 13, 36, 10, 8, 9, 11, 28, 16, 6, 5, 22, 30, 7, 29, 47, 25, 37, 44, 23, 24, 31, 49, 39, 34, 27, 17, 35, 2, 12, 48, 4, 42, 41, 26];1402;31;220;10000;200;2;0.5;10;RANKING;-1;0.8;OPX;0.2;SHIFT;-1
73;1.5;50;0.5;0.5;18;0;11;100000;[[1, 500], [1, 875], [1, 500], [2, 10], [2, 60], [1, 10], [2, 425], [2, 800], [2, 50], [2, 275], [1, 650], [2, 90], [1, 350], [2, 500], [2, 70], [1, 200], [2, 200], [1, 30], [2, 875], [2, 70], [2, 650], [1, 800], [2, 650], [2, 10], [1, 275], [1, 500], [2, 30], [2, 725], [1, 200], [2, 100], [1, 350], [2, 650], [2, 425], [1, 200], [1, 80], [1, 50], [1, 725], [1, 275], [2, 200], [1, 90], [2, 500], [1, 275], [2, 60], [2, 100], [1, 275], [1, 20], [1, 275], [1, 575], [1, 50], [2, 40]];6096.986002207948;6190.687699981315;[24, 4, 35, 18, 6, 49, 36, 40, 27, 50, 9, 5, 43, 15, 20, 12, 30, 44, 45, 34, 16, 46, 31, 47, 42, 29, 38, 25, 13, 17, 39, 10, 48, 3, 26, 37, 1, 11, 2, 22, 7, 33, 41, 14, 21, 32, 23, 28, 8, 19];2484;73;280;10000;200;0;0.2;10;RANKING;-1;0.8;OPX;0.2;SHIFT;-1
74;1.5;50;0.5;0.5;18;0;11;100000;[[1, 500], [1, 875], [1, 500], [2, 10], [2, 60], [1, 10], [2, 425], [2, 800], [2, 50], [2, 275], [1, 650], [2, 90], [1, 350], [2, 500], [2, 70], [1, 200], [2, 200], [1, 30], [2, 875], [2, 70], [2, 650], [1, 800], [2, 650], [2, 10], [1, 275], [1, 500], [2, 30], [2, 725], [1, 200], [2, 100], [1, 350], [2, 650], [2, 425], [1, 200], [1, 80], [1, 50], [1, 725], [1, 275], [2, 200], [1, 90], [2, 500], [1, 275], [2, 60], [2, 100], [1, 275], [1, 20], [1, 275], [1, 575], [1, 50], [2, 40]];6096.986002207948;6197.234032123308;[24, 4, 35, 18, 50, 36, 49, 27, 9, 43, 5, 20, 15, 12, 40, 16, 29, 34, 46, 42, 30, 44, 47, 25, 38, 45, 39, 17, 1, 13, 31, 3, 48, 26, 10, 11, 6, 37, 22, 2, 7, 33, 41, 14, 21, 32, 23, 28, 8, 19];4049;95;233;10000;200;0;0.5;10;RANKING;-1;0.8;OPX;0.2;SHIFT;-1
75;1.5;50;0.5;0.5;18;0;11;100000;[[1, 500], [1, 875], [1, 500], [2, 10], [2, 60], [1, 10], [2, 425], [2, 800], [2, 50], [2, 275], [1, 650], [2, 90], [1, 350], [2, 500], [2, 70], [1, 200], [2, 200], [1, 30], [2, 875], [2, 70], [2, 650], [1, 800], [2, 650], [2, 10], [1, 275], [1, 500], [2, 30], [2, 725], [1, 200], [2, 100], [1, 350], [2, 650], [2, 425], [1, 200], [1, 80], [1, 50], [1, 725], [1, 275], [2, 200], [1, 90], [2, 500], [1, 275], [2, 60], [2, 100], [1, 275], [1, 20], [1, 275], [1, 575], [1, 50], [2, 40]];6096.986002207948;6189.091722372253;[4, 24, 35, 18, 6, 12, 49, 36, 46, 40, 27, 50, 9, 43, 5, 15, 20, 30, 44, 47, 13, 34, 29, 42, 16, 45, 25, 38, 31, 17, 39, 10, 3, 1, 26, 37, 48, 11, 22, 2, 33, 7, 14, 41, 23, 32, 21, 28, 8, 19];9522;271;289;10000;200;2;0.2;10;RANKING;-1;0.8;OPX;0.2;SHIFT;-1
76;1.5;50;0.5;0.5;18;0;11;100000;[[1, 500], [1, 875], [1, 500], [2, 10], [2, 60], [1, 10], [2, 425], [2, 800], [2, 50], [2, 275], [1, 650], [2, 90], [1, 350], [2, 500], [2, 70], [1, 200], [2, 200], [1, 30], [2, 875], [2, 70], [2, 650], [1, 800], [2, 650], [2, 10], [1, 275], [1, 500], [2, 30], [2, 725], [1, 200], [2, 100], [1, 350], [2, 650], [2, 425], [1, 200], [1, 80], [1, 50], [1, 725], [1, 275], [2, 200], [1, 90], [2, 500], [1, 275], [2, 60], [2, 100], [1, 275], [1, 20], [1, 275], [1, 575], [1, 50], [2, 40]];6096.986002207948;6194.117838727348;[6, 18, 46, 4, 24, 37, 27, 40, 49, 36, 35, 50, 9, 43, 5, 15, 20, 12, 44, 30, 47, 16, 29, 42, 31, 38, 45, 25, 34, 13, 39, 17, 10, 1, 48, 11, 3, 26, 22, 2, 33, 7, 41, 14, 21, 32, 23, 28, 8, 19];3215;93;269;10000;200;2;0.5;10;RANKING;-1;0.8;OPX;0.2;SHIFT;-1
77;1.5;50;0.5;0.5;19;0;11;100000;[[2, 70], [1, 10], [1, 100], [1, 575], [1, 90], [1, 60], [2, 50], [2, 90], [1, 90], [2, 275], [1, 650], [2, 500], [2, 50], [1, 90], [1, 10], [2, 10], [2, 275], [1, 650], [2, 350], [1, 40], [1, 500], [1, 80], [2, 90], [1, 30], [1, 875], [2, 800], [2, 650], [1, 350], [1, 275], [1, 40], [2, 20], [2, 350], [1, 30], [1, 575], [1, 60], [1, 575], [2, 800], [2, 275], [2, 90], [1, 575], [2, 200], [1, 30], [2, 350], [2, 20], [1, 575], [2, 40], [1, 40], [2, 60], [2, 100], [2, 70]];2689.4669401447854;2764.2721765162514;[16, 33, 15, 24, 2, 30, 47, 44, 42, 5, 35, 31, 14, 9, 6, 20, 22, 3, 46, 7, 13, 48, 50, 1, 23, 8, 39, 49, 41, 28, 29, 36, 38, 10, 17, 40, 21, 45, 34, 4, 18, 25, 11, 19, 32, 43, 12, 27, 37, 26];9984;352;353;10000;200;0;0.2;10;RANKING;-1;0.8;OPX;0.2;SHIFT;-1
78;1.5;50;0.5;0.5;19;0;11;100000;[[2, 70], [1, 10], [1, 100], [1, 575], [1, 90], [1, 60], [2, 50], [2, 90], [1, 90], [2, 275], [1, 650], [2, 500], [2, 50], [1, 90], [1, 10], [2, 10], [2, 275], [1, 650], [2, 350], [1, 40], [1, 500], [1, 80], [2, 90], [1, 30], [1, 875], [2, 800], [2, 650], [1, 350], [1, 275], [1, 40], [2, 20], [2, 350], [1, 30], [1, 575], [1, 60], [1, 575], [2, 800], [2, 275], [2, 90], [1, 575], [2, 200], [1, 30], [2, 350], [2, 20], [1, 575], [2, 40], [1, 40], [2, 60], [2, 100], [2, 70]];2689.4669401447854;2764.9574412184775;[16, 5, 2, 44, 31, 30, 15, 24, 47, 14, 6, 22, 9, 42, 20, 35, 33, 3, 46, 13, 7, 48, 50, 1, 39, 23, 8, 49, 41, 28, 29, 36, 10, 38, 17, 4, 21, 34, 40, 45, 18, 25, 11, 32, 19, 43, 12, 27, 26, 37];4928;150;320;10000;200;0;0.5;10;RANKING;-1;0.8;OPX;0.2;SHIFT;-1
79;1.5;50;0.5;0.5;19;0;11;100000;[[2, 70], [1, 10], [1, 100], [1, 575], [1, 90], [1, 60], [2, 50], [2, 90], [1, 90], [2, 275], [1, 650], [2, 500], [2, 50], [1, 90], [1, 10], [2, 10], [2, 275], [1, 650], [2, 350], [1, 40], [1, 500], [1, 80], [2, 90], [1, 30], [1, 875], [2, 800], [2, 650], [1, 350], [1, 275], [1, 40], [2, 20], [2, 350], [1, 30], [1, 575], [1, 60], [1, 575], [2, 800], [2, 275], [2, 90], [1, 575], [2, 200], [1, 30], [2, 350], [2, 20], [1, 575], [2, 40], [1, 40], [2, 60], [2, 100], [2, 70]];2689.4669401447854;2761.1390031199385;[16, 31, 44, 33, 2, 20, 42, 24, 30, 15, 35, 3, 6, 47, 22, 46, 5, 9, 13, 7, 50, 1, 39, 23, 8, 49, 29, 14, 28, 21, 41, 10, 17, 38, 4, 34, 40, 11, 48, 45, 25, 36, 18, 43, 32, 19, 12, 27, 37, 26];4236;118;290;10000;200;2;0.2;10;RANKING;-1;0.8;OPX;0.2;SHIFT;-1
80;1.5;50;0.5;0.5;19;0;11;100000;[[2, 70], [1, 10], [1, 100], [1, 575], [1, 90], [1, 60], [2, 50], [2, 90], [1, 90], [2, 275], [1, 650], [2, 500], [2, 50], [1, 90], [1, 10], [2, 10], [2, 275], [1, 650], [2, 350], [1, 40], [1, 500], [1, 80], [2, 90], [1, 30], [1, 875], [2, 800], [2, 650], [1, 350], [1, 275], [1, 40], [2, 20], [2, 350], [1, 30], [1, 575], [1, 60], [1, 575], [2, 800], [2, 275], [2, 90], [1, 575], [2, 200], [1, 30], [2, 350], [2, 20], [1, 575], [2, 40], [1, 40], [2, 60], [2, 100], [2, 70]];2689.4669401447854;2762.400775399759;[42, 15, 16, 31, 44, 9, 35, 12, 30, 33, 24, 47, 5, 46, 14, 22, 20, 6, 3, 13, 7, 48, 1, 50, 8, 39, 23, 49, 41, 28, 29, 2, 40, 17, 38, 10, 4, 21, 34, 36, 45, 11, 25, 18, 19, 43, 32, 27, 26, 37];9802;280;286;10000;200;2;0.5;10;RANKING;-1;0.8;OPX;0.2;SHIFT;-1
81;1.5;50;0.5;0.5;20;0;11;100000;[[1, 60], [2, 425], [1, 70], [2, 500], [2, 10], [1, 10], [1, 80], [2, 60], [2, 800], [2, 50], [2, 650], [1, 425], [2, 50], [1, 275], [2, 80], [1, 275], [2, 575], [2, 20], [1, 20], [2, 275], [1, 90], [2, 575], [2, 80], [2, 10], [2, 425], [1, 650], [1, 725], [1, 875], [1, 60], [1, 350], [2, 725], [2, 875], [2, 500], [2, 350], [1, 10], [2, 200], [2, 70], [1, 875], [1, 30], [1, 200], [2, 725], [2, 800], [1, 725], [1, 575], [1, 60], [2, 80], [1, 100], [1, 40], [2, 725], [1, 50]];8165.387237154444;8258.06551038494;[24, 5, 18, 39, 3, 35, 6, 50, 45, 1, 19, 7, 29, 48, 21, 13, 10, 8, 37, 15, 46, 23, 40, 16, 30, 47, 14, 12, 36, 20, 34, 26, 27, 43, 44, 28, 38, 25, 2, 33, 4, 22, 17, 11, 49, 31, 41, 42, 9, 32];3244;103;303;10000;200;0;0.2;10;RANKING;-1;0.8;OPX;0.2;SHIFT;-1
82;1.5;50;0.5;0.5;20;0;11;100000;[[1, 60], [2, 425], [1, 70], [2, 500], [2, 10], [1, 10], [1, 80], [2, 60], [2, 800], [2, 50], [2, 650], [1, 425], [2, 50], [1, 275], [2, 80], [1, 275], [2, 575], [2, 20], [1, 20], [2, 275], [1, 90], [2, 575], [2, 80], [2, 10], [2, 425], [1, 650], [1, 725], [1, 875], [1, 60], [1, 350], [2, 725], [2, 875], [2, 500], [2, 350], [1, 10], [2, 200], [2, 70], [1, 875], [1, 30], [1, 200], [2, 725], [2, 800], [1, 725], [1, 575], [1, 60], [2, 80], [1, 100], [1, 40], [2, 725], [1, 50]];8165.387237154444;8264.56658337933;[35, 6, 5, 24, 18, 21, 39, 1, 29, 50, 3, 19, 48, 47, 45, 10, 13, 8, 37, 46, 23, 15, 30, 40, 16, 7, 14, 12, 36, 20, 34, 26, 38, 43, 44, 28, 27, 2, 25, 4, 33, 17, 22, 11, 41, 49, 31, 42, 9, 32];7386;205;272;10000;200;0;0.5;10;RANKING;-1;0.8;OPX;0.2;SHIFT;-1
83;1.5;50;0.5;0.5;20;0;11;100000;[[1, 60], [2, 425], [1, 70], [2, 500], [2, 10], [1, 10], [1, 80], [2, 60], [2, 800], [2, 50], [2, 650], [1, 425], [2, 50], [1, 275], [2, 80], [1, 275], [2, 575], [2, 20], [1, 20], [2, 275], [1, 90], [2, 575], [2, 80], [2, 10], [2, 425], [1, 650], [1, 725], [1, 875], [1, 60], [1, 350], [2, 725], [2, 875], [2, 500], [2, 350], [1, 10], [2, 200], [2, 70], [1, 875], [1, 30], [1, 200], [2, 725], [2, 800], [1, 725], [1, 575], [1, 60], [2, 80], [1, 100], [1, 40], [2, 725], [1, 50]];8165.387237154444;8258.73171734578;[24, 5, 18, 50, 6, 42, 3, 35, 45, 39, 29, 7, 19, 48, 21, 1, 10, 13, 8, 37, 46, 15, 23, 47, 40, 30, 16, 14, 12, 36, 20, 34, 26, 43, 27, 44, 38, 28, 2, 25, 4, 33, 17, 22, 11, 31, 41, 49, 9, 32];9474;310;332;10000;200;2;0.2;10;RANKING;-1;0.8;OPX;0.2;SHIFT;-1
84;1.5;50;0.5;0.5;20;0;11;100000;[[1, 60], [2, 425], [1, 70], [2, 500], [2, 10], [1, 10], [1, 80], [2, 60], [2, 800], [2, 50], [2, 650], [1, 425], [2, 50], [1, 275], [2, 80], [1, 275], [2, 575], [2, 20], [1, 20], [2, 275], [1, 90], [2, 575], [2, 80], [2, 10], [2, 425], [1, 650], [1, 725], [1, 875], [1, 60], [1, 350], [2, 725], [2, 875], [2, 500], [2, 350], [1, 10], [2, 200], [2, 70], [1, 875], [1, 30], [1, 200], [2, 725], [2, 800], [1, 725], [1, 575], [1, 60], [2, 80], [1, 100], [1, 40], [2, 725], [1, 50]];8165.387237154444;8263.519333212616;[24, 5, 18, 39, 19, 7, 6, 50, 3, 20, 35, 48, 1, 29, 45, 21, 13, 10, 8, 37, 46, 43, 15, 23, 14, 16, 40, 30, 47, 12, 36, 34, 28, 44, 27, 26, 38, 2, 25, 33, 4, 17, 22, 11, 31, 49, 41, 42, 9, 32];6452;184;285;10000;200;2;0.5;10;RANKING;-1;0.8;OPX;0.2;SHIFT;-1
85;1.5;50;0.5;0.5;21;0;11;100000;[[2, 90], [2, 575], [1, 350], [1, 40], [2, 40], [1, 725], [2, 70], [2, 875], [2, 425], [2, 90], [1, 30], [1, 80], [1, 875], [2, 425], [1, 50], [2, 650], [1, 90], [1, 800], [2, 50], [1, 500], [1, 275], [1, 425], [2, 20], [2, 200], [2, 40], [1, 80], [2, 10], [1, 575], [2, 10], [1, 10], [2, 80], [2, 10], [2, 275], [2, 200], [2, 90], [2, 50], [2, 575], [2, 60], [1, 50], [1, 200], [2, 725], [2, 90], [2, 100], [1, 275], [1, 10], [1, 425], [1, 200], [2, 800], [1, 80], [2, 725]];3876.6197539817313;3938.781550747936;[30, 45, 29, 27, 32, 23, 4, 39, 49, 12, 11, 15, 26, 17, 25, 5, 36, 19, 38, 7, 31, 42, 1, 35, 10, 43, 47, 46, 44, 40, 20, 21, 22, 3, 34, 24, 33, 6, 28, 18, 13, 9, 14, 37, 2, 16, 41, 50, 48, 8];2069;71;337;10000;200;0;0.2;10;RANKING;-1;0.8;OPX;0.2;SHIFT;-1
86;1.5;50;0.5;0.5;21;0;11;100000;[[2, 90], [2, 575], [1, 350], [1, 40], [2, 40], [1, 725], [2, 70], [2, 875], [2, 425], [2, 90], [1, 30], [1, 80], [1, 875], [2, 425], [1, 50], [2, 650], [1, 90], [1, 800], [2, 50], [1, 500], [1, 275], [1, 425], [2, 20], [2, 200], [2, 40], [1, 80], [2, 10], [1, 575], [2, 10], [1, 10], [2, 80], [2, 10], [2, 275], [2, 200], [2, 90], [2, 50], [2, 575], [2, 60], [1, 50], [1, 200], [2, 725], [2, 90], [2, 100], [1, 275], [1, 10], [1, 425], [1, 200], [2, 800], [1, 80], [2, 725]];3876.6197539817313;3935.109674703943;[30, 45, 27, 32, 29, 23, 39, 4, 15, 49, 11, 26, 12, 17, 5, 25, 36, 19, 38, 7, 31, 1, 35, 10, 42, 43, 47, 40, 44, 21, 34, 24, 46, 3, 20, 22, 33, 6, 28, 18, 13, 9, 14, 2, 37, 16, 41, 50, 48, 8];209;18;338;10000;200;0;0.5;10;RANKING;-1;0.8;OPX;0.2;SHIFT;-1
87;1.5;50;0.5;0.5;21;0;11;100000;[[2, 90], [2, 575], [1, 350], [1, 40], [2, 40], [1, 725], [2, 70], [2, 875], [2, 425], [2, 90], [1, 30], [1, 80], [1, 875], [2, 425], [1, 50], [2, 650], [1, 90], [1, 800], [2, 50], [1, 500], [1, 275], [1, 425], [2, 20], [2, 200], [2, 40], [1, 80], [2, 10], [1, 575], [2, 10], [1, 10], [2, 80], [2, 10], [2, 275], [2, 200], [2, 90], [2, 50], [2, 575], [2, 60], [1, 50], [1, 200], [2, 725], [2, 90], [2, 100], [1, 275], [1, 10], [1, 425], [1, 200], [2, 800], [1, 80], [2, 725]];3876.6197539817313;3935.5878338408793;[45, 30, 32, 29, 27, 4, 23, 15, 12, 49, 39, 11, 26, 17, 25, 5, 36, 19, 38, 7, 31, 35, 42, 1, 10, 43, 21, 47, 22, 44, 3, 40, 24, 34, 33, 6, 46, 20, 28, 18, 13, 9, 14, 37, 2, 16, 50, 41, 48, 8];3734;187;426;10000;200;2;0.2;10;RANKING;-1;0.8;OPX;0.2;SHIFT;-1
88;1.5;50;0.5;0.5;21;0;11;100000;[[2, 90], [2, 575], [1, 350], [1, 40], [2, 40], [1, 725], [2, 70], [2, 875], [2, 425], [2, 90], [1, 30], [1, 80], [1, 875], [2, 425], [1, 50], [2, 650], [1, 90], [1, 800], [2, 50], [1, 500], [1, 275], [1, 425], [2, 20], [2, 200], [2, 40], [1, 80], [2, 10], [1, 575], [2, 10], [1, 10], [2, 80], [2, 10], [2, 275], [2, 200], [2, 90], [2, 50], [2, 575], [2, 60], [1, 50], [1, 200], [2, 725], [2, 90], [2, 100], [1, 275], [1, 10], [1, 425], [1, 200], [2, 800], [1, 80], [2, 725]];3876.6197539817313;3937.223669284057;[32, 27, 29, 9, 23, 39, 45, 15, 26, 4, 30, 49, 12, 11, 17, 25, 5, 19, 36, 38, 7, 31, 35, 10, 1, 42, 43, 44, 47, 46, 21, 3, 40, 34, 24, 33, 22, 20, 6, 18, 13, 28, 14, 2, 37, 16, 50, 41, 48, 8];5923;189;321;10000;200;2;0.5;10;RANKING;-1;0.8;OPX;0.2;SHIFT;-1
89;1.5;50;0.5;0.5;22;0;11;100000;[[1, 875], [1, 10], [1, 575], [1, 70], [1, 425], [1, 200], [2, 575], [1, 725], [2, 10], [1, 575], [2, 80], [1, 20], [1, 500], [2, 200], [2, 90], [2, 80], [2, 60], [2, 60], [2, 650], [1, 100], [1, 875], [1, 575], [1, 90], [1, 575], [1, 90], [2, 30], [2, 80], [1, 875], [1, 30], [2, 800], [2, 10], [2, 80], [1, 30], [1, 20], [2, 60], [1, 800], [1, 70], [1, 40], [2, 80], [2, 800], [2, 100], [2, 425], [1, 10], [2, 575], [2, 90], [2, 200], [1, 500], [1, 30], [2, 275], [1, 425]];3593.7471744163026;3695.9484328344415;[31, 23, 33, 43, 34, 48, 12, 38, 26, 29, 9, 4, 2, 37, 25, 20, 35, 18, 27, 17, 39, 11, 32, 16, 15, 45, 41, 46, 5, 50, 6, 3, 14, 47, 13, 24, 22, 49, 8, 10, 21, 36, 28, 1, 42, 44, 7, 19, 40, 30];8390;308;377;10000;200;0;0.2;10;RANKING;-1;0.8;OPX;0.2;SHIFT;-1
90;1.5;50;0.5;0.5;22;0;11;100000;[[1, 875], [1, 10], [1, 575], [1, 70], [1, 425], [1, 200], [2, 575], [1, 725], [2, 10], [1, 575], [2, 80], [1, 20], [1, 500], [2, 200], [2, 90], [2, 80], [2, 60], [2, 60], [2, 650], [1, 100], [1, 875], [1, 575], [1, 90], [1, 575], [1, 90], [2, 30], [2, 80], [1, 875], [1, 30], [2, 800], [2, 10], [2, 80], [1, 30], [1, 20], [2, 60], [1, 800], [1, 70], [1, 40], [2, 80], [2, 800], [2, 100], [2, 425], [1, 10], [2, 575], [2, 90], [2, 200], [1, 500], [1, 30], [2, 275], [1, 425]];3593.7471744163026;3696.3131373625156;[12, 33, 43, 9, 31, 34, 37, 25, 48, 29, 4, 20, 23, 26, 38, 2, 18, 35, 17, 32, 27, 11, 39, 16, 15, 45, 41, 46, 14, 50, 5, 6, 22, 49, 13, 47, 8, 10, 3, 24, 28, 36, 21, 1, 42, 44, 7, 19, 30, 40];3232;104;284;10000;200;0;0.5;10;RANKING;-1;0.8;OPX;0.2;SHIFT;-1
91;1.5;50;0.5;0.5;22;0;11;100000;[[1, 875], [1, 10], [1, 575], [1, 70], [1, 425], [1, 200], [2, 575], [1, 725], [2, 10], [1, 575], [2, 80], [1, 20], [1, 500], [2, 200], [2, 90], [2, 80], [2, 60], [2, 60], [2, 650], [1, 100], [1, 875], [1, 575], [1, 90], [1, 575], [1, 90], [2, 30], [2, 80], [1, 875], [1, 30], [2, 800], [2, 10], [2, 80], [1, 30], [1, 20], [2, 60], [1, 800], [1, 70], [1, 40], [2, 80], [2, 800], [2, 100], [2, 425], [1, 10], [2, 575], [2, 90], [2, 200], [1, 500], [1, 30], [2, 275], [1, 425]];3593.7471744163026;3691.732293728102;[31, 9, 43, 34, 29, 4, 33, 2, 38, 48, 12, 26, 25, 37, 20, 17, 18, 35, 27, 32, 16, 11, 39, 45, 15, 41, 46, 14, 5, 50, 6, 24, 49, 13, 23, 47, 8, 22, 10, 3, 28, 36, 21, 1, 42, 44, 7, 19, 30, 40];10016;339;341;10000;200;2;0.2;10;RANKING;-1;0.8;OPX;0.2;SHIFT;-1
92;1.5;50;0.5;0.5;22;0;11;100000;[[1, 875], [1, 10], [1, 575], [1, 70], [1, 425], [1, 200], [2, 575], [1, 725], [2, 10], [1, 575], [2, 80], [1, 20], [1, 500], [2, 200], [2, 90], [2, 80], [2, 60], [2, 60], [2, 650], [1, 100], [1, 875], [1, 575], [1, 90], [1, 575], [1, 90], [2, 30], [2, 80], [1, 875], [1, 30], [2, 800], [2, 10], [2, 80], [1, 30], [1, 20], [2, 60], [1, 800], [1, 70], [1, 40], [2, 80], [2, 800], [2, 100], [2, 425], [1, 10], [2, 575], [2, 90], [2, 200], [1, 500], [1, 30], [2, 275], [1, 425]];3593.7471744163026;3698.057309325703;[9, 31, 12, 43, 33, 34, 2, 25, 29, 38, 23, 26, 37, 4, 48, 17, 18, 35, 11, 27, 39, 32, 16, 45, 5, 15, 41, 50, 20, 14, 46, 13, 10, 47, 49, 3, 24, 8, 6, 22, 28, 36, 1, 21, 42, 44, 7, 19, 30, 40];6952;196;278;10000;200;2;0.5;10;RANKING;-1;0.8;OPX;0.2;SHIFT;-1
93;1.5;50;0.5;0.5;23;0;11;100000;[[2, 30], [2, 20], [1, 575], [1, 800], [1, 500], [2, 60], [2, 275], [2, 80], [1, 200], [2, 10], [2, 800], [2, 575], [2, 80], [1, 10], [2, 350], [2, 725], [1, 275], [2, 70], [2, 40], [1, 500], [1, 50], [2, 350], [1, 50], [2, 20], [2, 100], [1, 425], [2, 10], [2, 50], [2, 650], [1, 60], [2, 200], [1, 70], [2, 50], [1, 50], [1, 875], [1, 650], [1, 275], [1, 80], [1, 40], [1, 875], [2, 500], [1, 500], [1, 800], [1, 90], [2, 425], [2, 425], [1, 50], [2, 725], [1, 575], [2, 80]];4929.08230201681;5037.407425973712;[27, 10, 24, 2, 34, 23, 14, 38, 1, 47, 39, 44, 30, 32, 21, 19, 33, 28, 6, 18, 8, 13, 50, 25, 31, 17, 26, 5, 9, 42, 37, 20, 36, 7, 3, 49, 15, 22, 40, 43, 35, 4, 45, 46, 41, 12, 29, 48, 16, 11];3970;127;318;10000;200;0;0.2;10;RANKING;-1;0.8;OPX;0.2;SHIFT;-1
94;1.5;50;0.5;0.5;23;0;11;100000;[[2, 30], [2, 20], [1, 575], [1, 800], [1, 500], [2, 60], [2, 275], [2, 80], [1, 200], [2, 10], [2, 800], [2, 575], [2, 80], [1, 10], [2, 350], [2, 725], [1, 275], [2, 70], [2, 40], [1, 500], [1, 50], [2, 350], [1, 50], [2, 20], [2, 100], [1, 425], [2, 10], [2, 50], [2, 650], [1, 60], [2, 200], [1, 70], [2, 50], [1, 50], [1, 875], [1, 650], [1, 275], [1, 80], [1, 40], [1, 875], [2, 500], [1, 500], [1, 800], [1, 90], [2, 425], [2, 425], [1, 50], [2, 725], [1, 575], [2, 80]];4929.08230201681;5030.285873492638;[10, 27, 2, 24, 21, 39, 32, 23, 47, 30, 14, 34, 44, 1, 19, 28, 33, 6, 18, 50, 13, 8, 38, 9, 17, 25, 31, 42, 26, 20, 49, 3, 5, 37, 36, 7, 22, 15, 35, 4, 40, 43, 46, 45, 41, 12, 29, 16, 48, 11];3317;96;271;10000;200;0;0.5;10;RANKING;-1;0.8;OPX;0.2;SHIFT;-1
95;1.5;50;0.5;0.5;23;0;11;100000;[[2, 30], [2, 20], [1, 575], [1, 800], [1, 500], [2, 60], [2, 275], [2, 80], [1, 200], [2, 10], [2, 800], [2, 575], [2, 80], [1, 10], [2, 350], [2, 725], [1, 275], [2, 70], [2, 40], [1, 500], [1, 50], [2, 350], [1, 50], [2, 20], [2, 100], [1, 425], [2, 10], [2, 50], [2, 650], [1, 60], [2, 200], [1, 70], [2, 50], [1, 50], [1, 875], [1, 650], [1, 275], [1, 80], [1, 40], [1, 875], [2, 500], [1, 500], [1, 800], [1, 90], [2, 425], [2, 425], [1, 50], [2, 725], [1, 575], [2, 80]];4929.08230201681;5039.998442412992;[10, 27, 2, 24, 39, 23, 34, 14, 32, 1, 47, 30, 38, 44, 19, 28, 33, 6, 18, 50, 8, 13, 25, 42, 26, 37, 9, 17, 3, 21, 31, 20, 36, 49, 5, 7, 15, 22, 43, 4, 35, 40, 45, 46, 41, 12, 29, 48, 16, 11];2061;68;298;10000;200;2;0.2;10;RANKING;-1;0.8;OPX;0.2;SHIFT;-1
96;1.5;50;0.5;0.5;23;0;11;100000;[[2, 30], [2, 20], [1, 575], [1, 800], [1, 500], [2, 60], [2, 275], [2, 80], [1, 200], [2, 10], [2, 800], [2, 575], [2, 80], [1, 10], [2, 350], [2, 725], [1, 275], [2, 70], [2, 40], [1, 500], [1, 50], [2, 350], [1, 50], [2, 20], [2, 100], [1, 425], [2, 10], [2, 50], [2, 650], [1, 60], [2, 200], [1, 70], [2, 50], [1, 50], [1, 875], [1, 650], [1, 275], [1, 80], [1, 40], [1, 875], [2, 500], [1, 500], [1, 800], [1, 90], [2, 425], [2, 425], [1, 50], [2, 725], [1, 575], [2, 80]];4929.08230201681;5034.592393424893;[10, 27, 24, 2, 38, 32, 47, 14, 23, 21, 39, 30, 44, 1, 19, 28, 33, 6, 18, 50, 13, 25, 34, 9, 26, 17, 37, 31, 49, 20, 42, 5, 7, 22, 8, 15, 36, 3, 43, 4, 35, 40, 45, 46, 41, 12, 29, 48, 16, 11];5044;120;242;10000;200;2;0.5;10;RANKING;-1;0.8;OPX;0.2;SHIFT;-1
97;1.5;50;0.5;0.5;24;0;11;100000;[[2, 100], [2, 60], [1, 650], [1, 100], [1, 725], [2, 70], [1, 575], [2, 90], [1, 425], [2, 20], [2, 650], [1, 60], [2, 90], [1, 40], [1, 60], [1, 100], [2, 10], [1, 350], [1, 60], [2, 725], [2, 80], [1, 800], [1, 70], [2, 90], [2, 10], [1, 725], [1, 275], [2, 500], [2, 70], [2, 60], [1, 40], [2, 200], [1, 425], [1, 275], [2, 875], [2, 60], [1, 40], [1, 60], [2, 30], [2, 275], [1, 575], [2, 275], [2, 60], [1, 70], [2, 100], [2, 275], [2, 90], [2, 60], [2, 70], [2, 200]];2126.9637620509725;2192.5099847648908;[17, 25, 10, 39, 37, 19, 14, 38, 44, 4, 12, 15, 31, 23, 36, 30, 48, 43, 2, 49, 6, 29, 21, 13, 47, 8, 24, 45, 1, 16, 34, 27, 9, 32, 50, 41, 3, 18, 33, 46, 40, 42, 7, 5, 26, 22, 28, 11, 20, 35];3815;119;309;10000;200;0;0.2;10;RANKING;-1;0.8;OPX;0.2;SHIFT;-1
98;1.5;50;0.5;0.5;24;0;11;100000;[[2, 100], [2, 60], [1, 650], [1, 100], [1, 725], [2, 70], [1, 575], [2, 90], [1, 425], [2, 20], [2, 650], [1, 60], [2, 90], [1, 40], [1, 60], [1, 100], [2, 10], [1, 350], [1, 60], [2, 725], [2, 80], [1, 800], [1, 70], [2, 90], [2, 10], [1, 725], [1, 275], [2, 500], [2, 70], [2, 60], [1, 40], [2, 200], [1, 425], [1, 275], [2, 875], [2, 60], [1, 40], [1, 60], [2, 30], [2, 275], [1, 575], [2, 275], [2, 60], [1, 70], [2, 100], [2, 275], [2, 90], [2, 60], [2, 70], [2, 200]];2126.9637620509725;2195.3271190641094;[25, 17, 10, 39, 14, 37, 31, 23, 19, 44, 4, 16, 27, 15, 12, 36, 48, 43, 30, 2, 49, 29, 6, 21, 47, 13, 24, 8, 45, 1, 33, 18, 34, 38, 9, 32, 50, 40, 46, 42, 41, 7, 3, 5, 26, 22, 28, 11, 20, 35];8771;215;242;10000;200;0;0.5;10;RANKING;-1;0.8;OPX;0.2;SHIFT;-1
99;1.5;50;0.5;0.5;24;0;11;100000;[[2, 100], [2, 60], [1, 650], [1, 100], [1, 725], [2, 70], [1, 575], [2, 90], [1, 425], [2, 20], [2, 650], [1, 60], [2, 90], [1, 40], [1, 60], [1, 100], [2, 10], [1, 350], [1, 60], [2, 725], [2, 80], [1, 800], [1, 70], [2, 90], [2, 10], [1, 725], [1, 275], [2, 500], [2, 70], [2, 60], [1, 40], [2, 200], [1, 425], [1, 275], [2, 875], [2, 60], [1, 40], [1, 60], [2, 30], [2, 275], [1, 575], [2, 275], [2, 60], [1, 70], [2, 100], [2, 275], [2, 90], [2, 60], [2, 70], [2, 200]];2126.9637620509725;2193.271431678063;[17, 37, 25, 10, 39, 38, 23, 12, 19, 4, 27, 14, 15, 35, 31, 44, 2, 36, 48, 30, 16, 43, 29, 6, 49, 21, 24, 47, 13, 8, 1, 45, 9, 18, 34, 33, 50, 32, 46, 40, 42, 41, 7, 5, 3, 22, 26, 28, 11, 20];5037;150;299;10000;200;2;0.2;10;RANKING;-1;0.8;OPX;0.2;SHIFT;-1
100;1.5;50;0.5;0.5;24;0;11;100000;[[2, 100], [2, 60], [1, 650], [1, 100], [1, 725], [2, 70], [1, 575], [2, 90], [1, 425], [2, 20], [2, 650], [1, 60], [2, 90], [1, 40], [1, 60], [1, 100], [2, 10], [1, 350], [1, 60], [2, 725], [2, 80], [1, 800], [1, 70], [2, 90], [2, 10], [1, 725], [1, 275], [2, 500], [2, 70], [2, 60], [1, 40], [2, 200], [1, 425], [1, 275], [2, 875], [2, 60], [1, 40], [1, 60], [2, 30], [2, 275], [1, 575], [2, 275], [2, 60], [1, 70], [2, 100], [2, 275], [2, 90], [2, 60], [2, 70], [2, 200]];2126.9637620509725;2194.044111054133;[17, 25, 10, 39, 31, 38, 37, 14, 23, 34, 16, 12, 15, 19, 44, 48, 4, 30, 2, 36, 43, 49, 6, 29, 21, 13, 47, 24, 8, 1, 45, 9, 18, 27, 33, 50, 32, 40, 46, 42, 7, 41, 3, 26, 5, 22, 28, 11, 20, 35];1543;43;254;10000;200;2;0.5;10;RANKING;-1;0.8;OPX;0.2;SHIFT;-1
101;1.5;50;0.5;0.5;25;0;11;100000;[[1, 10], [1, 725], [1, 40], [2, 500], [1, 200], [2, 100], [2, 30], [1, 650], [2, 875], [1, 275], [1, 800], [1, 350], [2, 60], [2, 350], [1, 650], [2, 100], [1, 30], [2, 575], [1, 575], [1, 650], [2, 275], [1, 90], [2, 90], [2, 200], [2, 425], [2, 350], [2, 90], [1, 425], [1, 650], [1, 80], [1, 30], [1, 20], [2, 70], [2, 200], [1, 60], [2, 425], [2, 500], [1, 50], [1, 575], [2, 70], [1, 800], [1, 425], [2, 60], [2, 275], [1, 800], [2, 50], [1, 350], [2, 275], [2, 275], [2, 90]];5950.237775219713;6081.530045252503;[17, 32, 38, 1, 31, 30, 3, 35, 7, 46, 13, 43, 33, 40, 23, 50, 27, 5, 22, 10, 6, 16, 42, 28, 47, 12, 34, 24, 49, 48, 21, 44, 39, 8, 19, 29, 20, 15, 41, 45, 2, 11, 14, 26, 36, 25, 4, 37, 18, 9];1070;34;263;10000;200;0;0.2;10;RANKING;-1;0.8;OPX;0.2;SHIFT;-1
102;1.5;50;0.5;0.5;25;0;11;100000;[[1, 10], [1, 725], [1, 40], [2, 500], [1, 200], [2, 100], [2, 30], [1, 650], [2, 875], [1, 275], [1, 800], [1, 350], [2, 60], [2, 350], [1, 650], [2, 100], [1, 30], [2, 575], [1, 575], [1, 650], [2, 275], [1, 90], [2, 90], [2, 200], [2, 425], [2, 350], [2, 90], [1, 425], [1, 650], [1, 80], [1, 30], [1, 20], [2, 70], [2, 200], [1, 60], [2, 425], [2, 500], [1, 50], [1, 575], [2, 70], [1, 800], [1, 425], [2, 60], [2, 275], [1, 800], [2, 50], [1, 350], [2, 275], [2, 275], [2, 90]];5950.237775219713;6083.270590258003;[3, 1, 7, 22, 35, 30, 31, 17, 38, 46, 13, 43, 40, 33, 27, 23, 50, 16, 6, 32, 47, 28, 5, 10, 24, 34, 42, 12, 15, 39, 49, 48, 44, 21, 29, 19, 20, 8, 14, 26, 2, 41, 45, 11, 25, 36, 4, 37, 18, 9];1219;30;231;10000;200;0;0.5;10;RANKING;-1;0.8;OPX;0.2;SHIFT;-1
103;1.5;50;0.5;0.5;25;0;11;100000;[[1, 10], [1, 725], [1, 40], [2, 500], [1, 200], [2, 100], [2, 30], [1, 650], [2, 875], [1, 275], [1, 800], [1, 350], [2, 60], [2, 350], [1, 650], [2, 100], [1, 30], [2, 575], [1, 575], [1, 650], [2, 275], [1, 90], [2, 90], [2, 200], [2, 425], [2, 350], [2, 90], [1, 425], [1, 650], [1, 80], [1, 30], [1, 20], [2, 70], [2, 200], [1, 60], [2, 425], [2, 500], [1, 50], [1, 575], [2, 70], [1, 800], [1, 425], [2, 60], [2, 275], [1, 800], [2, 50], [1, 350], [2, 275], [2, 275], [2, 90]];5950.237775219713;6077.0909262493515;[17, 3, 1, 35, 30, 22, 31, 38, 7, 32, 46, 13, 43, 33, 40, 50, 27, 6, 16, 42, 10, 47, 12, 5, 28, 34, 24, 49, 44, 21, 48, 29, 39, 8, 19, 14, 26, 23, 15, 45, 20, 2, 11, 41, 36, 25, 4, 37, 18, 9];4378;130;282;10000;200;2;0.2;10;RANKING;-1;0.8;OPX;0.2;SHIFT;-1
104;1.5;50;0.5;0.5;25;0;11;100000;[[1, 10], [1, 725], [1, 40], [2, 500], [1, 200], [2, 100], [2, 30], [1, 650], [2, 875], [1, 275], [1, 800], [1, 350], [2, 60], [2, 350], [1, 650], [2, 100], [1, 30], [2, 575], [1, 575], [1, 650], [2, 275], [1, 90], [2, 90], [2, 200], [2, 425], [2, 350], [2, 90], [1, 425], [1, 650], [1, 80], [1, 30], [1, 20], [2, 70], [2, 200], [1, 60], [2, 425], [2, 500], [1, 50], [1, 575], [2, 70], [1, 800], [1, 425], [2, 60], [2, 275], [1, 800], [2, 50], [1, 350], [2, 275], [2, 275], [2, 90]];5950.237775219713;6075.862774947749;[17, 3, 1, 7, 4, 30, 35, 31, 32, 38, 22, 46, 43, 13, 40, 33, 27, 50, 23, 6, 16, 28, 10, 12, 47, 5, 42, 34, 24, 44, 49, 48, 21, 15, 39, 20, 19, 14, 26, 29, 41, 8, 2, 45, 11, 25, 36, 37, 18, 9];3883;101;245;10000;200;2;0.5;10;RANKING;-1;0.8;OPX;0.2;SHIFT;-1
105;1.5;50;0.5;0.5;26;0;11;100000;[[2, 100], [2, 40], [2, 20], [1, 20], [1, 275], [1, 90], [1, 60], [2, 80], [2, 350], [2, 50], [2, 500], [2, 40], [1, 875], [2, 90], [1, 725], [1, 500], [2, 80], [1, 425], [2, 50], [1, 100], [1, 650], [1, 875], [1, 575], [1, 10], [2, 30], [2, 40], [1, 10], [1, 575], [1, 60], [2, 70], [2, 425], [2, 80], [2, 500], [2, 60], [2, 90], [2, 800], [1, 500], [2, 200], [2, 50], [2, 10], [2, 500], [1, 90], [1, 40], [1, 275], [1, 275], [2, 575], [1, 100], [2, 650], [2, 100], [1, 40]];2765.718124916715;2830.7788232550392;[40, 42, 27, 3, 25, 6, 43, 50, 24, 4, 29, 7, 12, 26, 2, 20, 47, 10, 19, 39, 34, 30, 32, 8, 17, 14, 35, 49, 1, 5, 45, 38, 18, 44, 16, 37, 23, 28, 13, 15, 21, 22, 9, 31, 41, 33, 11, 46, 48, 36];6761;201;290;10000;200;0;0.2;10;RANKING;-1;0.8;OPX;0.2;SHIFT;-1
106;1.5;50;0.5;0.5;26;0;11;100000;[[2, 100], [2, 40], [2, 20], [1, 20], [1, 275], [1, 90], [1, 60], [2, 80], [2, 350], [2, 50], [2, 500], [2, 40], [1, 875], [2, 90], [1, 725], [1, 500], [2, 80], [1, 425], [2, 50], [1, 100], [1, 650], [1, 875], [1, 575], [1, 10], [2, 30], [2, 40], [1, 10], [1, 575], [1, 60], [2, 70], [2, 425], [2, 80], [2, 500], [2, 60], [2, 90], [2, 800], [1, 500], [2, 200], [2, 50], [2, 10], [2, 500], [1, 90], [1, 40], [1, 275], [1, 275], [2, 575], [1, 100], [2, 650], [2, 100], [1, 40]];2765.718124916715;2830.7762992206267;[40, 3, 4, 42, 29, 7, 27, 24, 50, 43, 47, 25, 26, 12, 2, 20, 6, 19, 39, 10, 34, 30, 8, 17, 32, 35, 14, 49, 1, 45, 5, 38, 18, 44, 16, 37, 23, 28, 13, 15, 21, 22, 9, 31, 11, 33, 41, 46, 48, 36];3415;84;231;10000;200;0;0.5;10;RANKING;-1;0.8;OPX;0.2;SHIFT;-1
107;1.5;50;0.5;0.5;26;0;11;100000;[[2, 100], [2, 40], [2, 20], [1, 20], [1, 275], [1, 90], [1, 60], [2, 80], [2, 350], [2, 50], [2, 500], [2, 40], [1, 875], [2, 90], [1, 725], [1, 500], [2, 80], [1, 425], [2, 50], [1, 100], [1, 650], [1, 875], [1, 575], [1, 10], [2, 30], [2, 40], [1, 10], [1, 575], [1, 60], [2, 70], [2, 425], [2, 80], [2, 500], [2, 60], [2, 90], [2, 800], [1, 500], [2, 200], [2, 50], [2, 10], [2, 500], [1, 90], [1, 40], [1, 275], [1, 275], [2, 575], [1, 100], [2, 650], [2, 100], [1, 40]];2765.718124916715;2827.095793881846;[27, 4, 24, 40, 3, 32, 50, 43, 29, 7, 25, 2, 26, 12, 42, 6, 47, 20, 19, 10, 39, 34, 30, 17, 8, 35, 14, 1, 49, 44, 45, 38, 18, 5, 37, 16, 23, 28, 22, 15, 21, 13, 9, 31, 33, 11, 41, 46, 48, 36];8070;237;288;10000;200;2;0.2;10;RANKING;-1;0.8;OPX;0.2;SHIFT;-1
108;1.5;50;0.5;0.5;26;0;11;100000;[[2, 100], [2, 40], [2, 20], [1, 20], [1, 275], [1, 90], [1, 60], [2, 80], [2, 350], [2, 50], [2, 500], [2, 40], [1, 875], [2, 90], [1, 725], [1, 500], [2, 80], [1, 425], [2, 50], [1, 100], [1, 650], [1, 875], [1, 575], [1, 10], [2, 30], [2, 40], [1, 10], [1, 575], [1, 60], [2, 70], [2, 425], [2, 80], [2, 500], [2, 60], [2, 90], [2, 800], [1, 500], [2, 200], [2, 50], [2, 10], [2, 500], [1, 90], [1, 40], [1, 275], [1, 275], [2, 575], [1, 100], [2, 650], [2, 100], [1, 40]];2765.718124916715;2827.9755242277815;[24, 4, 27, 40, 43, 50, 3, 25, 26, 2, 12, 7, 29, 42, 20, 6, 47, 10, 39, 15, 19, 34, 30, 17, 32, 8, 14, 35, 1, 49, 5, 44, 38, 18, 45, 16, 37, 23, 28, 13, 21, 22, 9, 31, 11, 41, 33, 46, 48, 36];1131;28;245;10000;200;2;0.5;10;RANKING;-1;0.8;OPX;0.2;SHIFT;-1
109;1.5;50;0.5;0.5;27;0;11;100000;[[1, 350], [2, 50], [1, 500], [1, 575], [1, 425], [1, 100], [2, 725], [2, 90], [2, 425], [2, 80], [1, 10], [2, 875], [1, 40], [2, 90], [2, 100], [1, 800], [1, 275], [1, 20], [2, 80], [1, 20], [2, 90], [2, 90], [2, 875], [2, 60], [2, 40], [2, 100], [2, 425], [2, 500], [1, 275], [1, 275], [1, 725], [2, 500], [2, 875], [2, 875], [1, 100], [1, 60], [1, 500], [1, 30], [2, 575], [2, 425], [2, 80], [2, 60], [2, 80], [1, 425], [2, 10], [2, 60], [2, 350], [1, 20], [1, 575], [2, 875]];7108.161718837208;7176.277479474759;[45, 38, 18, 36, 13, 11, 20, 48, 25, 35, 6, 2, 46, 42, 24, 41, 43, 19, 10, 22, 21, 8, 14, 15, 26, 1, 30, 17, 29, 44, 3, 5, 37, 4, 49, 31, 16, 47, 40, 27, 9, 28, 32, 39, 7, 23, 50, 34, 33, 12];6267;191;289;10000;200;0;0.2;10;RANKING;-1;0.8;OPX;0.2;SHIFT;-1
110;1.5;50;0.5;0.5;27;0;11;100000;[[1, 350], [2, 50], [1, 500], [1, 575], [1, 425], [1, 100], [2, 725], [2, 90], [2, 425], [2, 80], [1, 10], [2, 875], [1, 40], [2, 90], [2, 100], [1, 800], [1, 275], [1, 20], [2, 80], [1, 20], [2, 90], [2, 90], [2, 875], [2, 60], [2, 40], [2, 100], [2, 425], [2, 500], [1, 275], [1, 275], [1, 725], [2, 500], [2, 875], [2, 875], [1, 100], [1, 60], [1, 500], [1, 30], [2, 575], [2, 425], [2, 80], [2, 60], [2, 80], [1, 425], [2, 10], [2, 60], [2, 350], [1, 20], [1, 575], [2, 875]];7108.161718837208;7175.439129673903;[45, 11, 36, 13, 38, 48, 18, 20, 25, 35, 6, 2, 24, 42, 46, 10, 43, 41, 19, 14, 21, 8, 22, 26, 15, 29, 30, 17, 1, 44, 5, 37, 3, 49, 31, 4, 16, 47, 40, 9, 27, 32, 28, 39, 7, 12, 50, 34, 23, 33];4792;123;258;10000;200;0;0.5;10;RANKING;-1;0.8;OPX;0.2;SHIFT;-1
111;1.5;50;0.5;0.5;27;0;11;100000;[[1, 350], [2, 50], [1, 500], [1, 575], [1, 425], [1, 100], [2, 725], [2, 90], [2, 425], [2, 80], [1, 10], [2, 875], [1, 40], [2, 90], [2, 100], [1, 800], [1, 275], [1, 20], [2, 80], [1, 20], [2, 90], [2, 90], [2, 875], [2, 60], [2, 40], [2, 100], [2, 425], [2, 500], [1, 275], [1, 275], [1, 725], [2, 500], [2, 875], [2, 875], [1, 100], [1, 60], [1, 500], [1, 30], [2, 575], [2, 425], [2, 80], [2, 60], [2, 80], [1, 425], [2, 10], [2, 60], [2, 350], [1, 20], [1, 575], [2, 875]];7108.161718837208;7178.165872550165;[45, 36, 6, 38, 11, 18, 13, 35, 25, 2, 46, 24, 42, 10, 41, 43, 19, 48, 14, 21, 22, 8, 15, 26, 17, 30, 29, 1, 5, 44, 3, 37, 4, 31, 49, 16, 47, 40, 9, 27, 32, 28, 39, 7, 50, 20, 34, 33, 12, 23];4052;135;330;10000;200;2;0.2;10;RANKING;-1;0.8;OPX;0.2;SHIFT;-1
112;1.5;50;0.5;0.5;27;0;11;100000;[[1, 350], [2, 50], [1, 500], [1, 575], [1, 425], [1, 100], [2, 725], [2, 90], [2, 425], [2, 80], [1, 10], [2, 875], [1, 40], [2, 90], [2, 100], [1, 800], [1, 275], [1, 20], [2, 80], [1, 20], [2, 90], [2, 90], [2, 875], [2, 60], [2, 40], [2, 100], [2, 425], [2, 500], [1, 275], [1, 275], [1, 725], [2, 500], [2, 875], [2, 875], [1, 100], [1, 60], [1, 500], [1, 30], [2, 575], [2, 425], [2, 80], [2, 60], [2, 80], [1, 425], [2, 10], [2, 60], [2, 350], [1, 20], [1, 575], [2, 875]];7108.161718837208;7176.086814834301;[45, 48, 38, 36, 13, 20, 18, 25, 6, 35, 2, 46, 42, 24, 43, 10, 11, 41, 19, 8, 21, 14, 22, 15, 26, 1, 30, 17, 29, 5, 3, 37, 44, 49, 4, 31, 16, 47, 9, 40, 27, 28, 32, 39, 7, 34, 12, 33, 23, 50];7696;253;311;10000;200;2;0.5;10;RANKING;-1;0.8;OPX;0.2;SHIFT;-1
113;1.5;50;0.5;0.5;28;0;11;100000;[[1, 800], [1, 20], [1, 90], [1, 80], [1, 10], [2, 725], [2, 60], [1, 500], [2, 275], [2, 60], [2, 875], [2, 20], [2, 350], [2, 725], [1, 350], [2, 800], [1, 70], [1, 575], [2, 10], [1, 725], [1, 725], [2, 60], [1, 90], [2, 70], [2, 90], [2, 875], [2, 275], [1, 30], [1, 650], [1, 10], [1, 60], [1, 800], [1, 650], [1, 30], [1, 50], [1, 350], [2, 70], [1, 100], [2, 90], [2, 575], [2, 10], [1, 100], [1, 70], [2, 425], [1, 100], [1, 100], [1, 200], [2, 575], [2, 70], [2, 875]];5368.160077587648;5458.435131951678;[19, 41, 12, 34, 35, 5, 17, 30, 4, 47, 2, 28, 43, 31, 3, 46, 23, 42, 45, 38, 7, 22, 10, 24, 49, 37, 25, 39, 36, 15, 18, 29, 8, 33, 27, 9, 13, 1, 21, 32, 20, 44, 40, 48, 14, 6, 16, 26, 50, 11];319;15;281;10000;200;0;0.2;10;RANKING;-1;0.8;OPX;0.2;SHIFT;-1
114;1.5;50;0.5;0.5;28;0;11;100000;[[1, 800], [1, 20], [1, 90], [1, 80], [1, 10], [2, 725], [2, 60], [1, 500], [2, 275], [2, 60], [2, 875], [2, 20], [2, 350], [2, 725], [1, 350], [2, 800], [1, 70], [1, 575], [2, 10], [1, 725], [1, 725], [2, 60], [1, 90], [2, 70], [2, 90], [2, 875], [2, 275], [1, 30], [1, 650], [1, 10], [1, 60], [1, 800], [1, 650], [1, 30], [1, 50], [1, 350], [2, 70], [1, 100], [2, 90], [2, 575], [2, 10], [1, 100], [1, 70], [2, 425], [1, 100], [1, 100], [1, 200], [2, 575], [2, 70], [2, 875]];5368.160077587648;5455.151967678577;[19, 41, 3, 30, 28, 5, 2, 12, 23, 43, 31, 35, 17, 4, 47, 45, 34, 46, 42, 38, 22, 10, 7, 37, 24, 49, 39, 25, 18, 36, 15, 8, 27, 9, 13, 29, 33, 21, 20, 32, 1, 44, 40, 48, 6, 14, 16, 11, 26, 50];2401;56;228;10000;200;0;0.5;10;RANKING;-1;0.8;OPX;0.2;SHIFT;-1
115;1.5;50;0.5;0.5;28;0;11;100000;[[1, 800], [1, 20], [1, 90], [1, 80], [1, 10], [2, 725], [2, 60], [1, 500], [2, 275], [2, 60], [2, 875], [2, 20], [2, 350], [2, 725], [1, 350], [2, 800], [1, 70], [1, 575], [2, 10], [1, 725], [1, 725], [2, 60], [1, 90], [2, 70], [2, 90], [2, 875], [2, 275], [1, 30], [1, 650], [1, 10], [1, 60], [1, 800], [1, 650], [1, 30], [1, 50], [1, 350], [2, 70], [1, 100], [2, 90], [2, 575], [2, 10], [1, 100], [1, 70], [2, 425], [1, 100], [1, 100], [1, 200], [2, 575], [2, 70], [2, 875]];5368.160077587648;5455.753272159012;[19, 41, 43, 35, 46, 34, 30, 5, 47, 31, 42, 2, 28, 17, 4, 23, 45, 38, 10, 22, 7, 24, 37, 49, 25, 39, 18, 36, 15, 3, 8, 9, 27, 13, 29, 33, 21, 20, 1, 32, 44, 48, 40, 6, 12, 14, 16, 50, 26, 11];5669;154;273;10000;200;2;0.2;10;RANKING;-1;0.8;OPX;0.2;SHIFT;-1
116;1.5;50;0.5;0.5;28;0;11;100000;[[1, 800], [1, 20], [1, 90], [1, 80], [1, 10], [2, 725], [2, 60], [1, 500], [2, 275], [2, 60], [2, 875], [2, 20], [2, 350], [2, 725], [1, 350], [2, 800], [1, 70], [1, 575], [2, 10], [1, 725], [1, 725], [2, 60], [1, 90], [2, 70], [2, 90], [2, 875], [2, 275], [1, 30], [1, 650], [1, 10], [1, 60], [1, 800], [1, 650], [1, 30], [1, 50], [1, 350], [2, 70], [1, 100], [2, 90], [2, 575], [2, 10], [1, 100], [1, 70], [2, 425], [1, 100], [1, 100], [1, 200], [2, 575], [2, 70], [2, 875]];5368.160077587648;5458.789349751565;[19, 41, 12, 30, 28, 5, 35, 2, 17, 4, 47, 34, 23, 3, 43, 31, 38, 46, 42, 7, 22, 10, 37, 24, 49, 25, 39, 18, 15, 36, 8, 33, 45, 29, 9, 27, 13, 1, 21, 32, 20, 44, 48, 40, 6, 14, 16, 26, 50, 11];4688;99;213;10000;200;2;0.5;10;RANKING;-1;0.8;OPX;0.2;SHIFT;-1
117;1.5;50;0.5;0.5;29;0;11;100000;[[2, 80], [2, 500], [1, 20], [1, 575], [2, 800], [1, 650], [1, 40], [2, 50], [1, 70], [1, 10], [1, 275], [2, 100], [2, 10], [2, 575], [1, 60], [2, 30], [2, 725], [2, 80], [2, 725], [1, 50], [1, 350], [1, 60], [2, 20], [2, 30], [1, 100], [1, 575], [1, 650], [2, 350], [2, 425], [1, 725], [1, 60], [1, 800], [1, 575], [2, 575], [2, 70], [1, 875], [2, 90], [1, 90], [2, 70], [1, 800], [2, 875], [1, 575], [2, 275], [2, 350], [1, 70], [1, 800], [1, 70], [2, 30], [2, 500], [2, 100]];6508.839837308257;6636.583025214313;[13, 23, 47, 10, 3, 22, 15, 45, 7, 25, 16, 24, 48, 38, 20, 31, 9, 8, 35, 39, 1, 18, 37, 12, 50, 21, 11, 42, 43, 4, 26, 46, 27, 33, 6, 44, 28, 32, 30, 36, 40, 29, 2, 49, 34, 14, 17, 19, 5, 41];1556;51;273;10000;200;0;0.2;10;RANKING;-1;0.8;OPX;0.2;SHIFT;-1
118;1.5;50;0.5;0.5;29;0;11;100000;[[2, 80], [2, 500], [1, 20], [1, 575], [2, 800], [1, 650], [1, 40], [2, 50], [1, 70], [1, 10], [1, 275], [2, 100], [2, 10], [2, 575], [1, 60], [2, 30], [2, 725], [2, 80], [2, 725], [1, 50], [1, 350], [1, 60], [2, 20], [2, 30], [1, 100], [1, 575], [1, 650], [2, 350], [2, 425], [1, 725], [1, 60], [1, 800], [1, 575], [2, 575], [2, 70], [1, 875], [2, 90], [1, 90], [2, 70], [1, 800], [2, 875], [1, 575], [2, 275], [2, 350], [1, 70], [1, 800], [1, 70], [2, 30], [2, 500], [2, 100]];6508.839837308257;6647.283626181781;[13, 23, 38, 22, 31, 10, 7, 16, 24, 48, 3, 45, 15, 47, 20, 25, 9, 8, 39, 35, 1, 18, 37, 12, 50, 21, 11, 4, 43, 26, 33, 44, 28, 27, 40, 6, 42, 46, 30, 32, 36, 29, 49, 2, 34, 14, 19, 17, 5, 41];8931;201;223;10000;200;0;0.5;10;RANKING;-1;0.8;OPX;0.2;SHIFT;-1
119;1.5;50;0.5;0.5;29;0;11;100000;[[2, 80], [2, 500], [1, 20], [1, 575], [2, 800], [1, 650], [1, 40], [2, 50], [1, 70], [1, 10], [1, 275], [2, 100], [2, 10], [2, 575], [1, 60], [2, 30], [2, 725], [2, 80], [2, 725], [1, 50], [1, 350], [1, 60], [2, 20], [2, 30], [1, 100], [1, 575], [1, 650], [2, 350], [2, 425], [1, 725], [1, 60], [1, 800], [1, 575], [2, 575], [2, 70], [1, 875], [2, 90], [1, 90], [2, 70], [1, 800], [2, 875], [1, 575], [2, 275], [2, 350], [1, 70], [1, 800], [1, 70], [2, 30], [2, 500], [2, 100]];6508.839837308257;6646.495485009037;[13, 23, 10, 24, 15, 45, 7, 9, 20, 47, 31, 3, 22, 25, 16, 48, 8, 39, 35, 1, 18, 37, 50, 12, 33, 38, 21, 11, 43, 28, 44, 26, 42, 27, 46, 4, 6, 40, 30, 32, 36, 29, 49, 2, 14, 34, 19, 17, 5, 41];5564;165;289;10000;200;2;0.2;10;RANKING;-1;0.8;OPX;0.2;SHIFT;-1
120;1.5;50;0.5;0.5;29;0;11;100000;[[2, 80], [2, 500], [1, 20], [1, 575], [2, 800], [1, 650], [1, 40], [2, 50], [1, 70], [1, 10], [1, 275], [2, 100], [2, 10], [2, 575], [1, 60], [2, 30], [2, 725], [2, 80], [2, 725], [1, 50], [1, 350], [1, 60], [2, 20], [2, 30], [1, 100], [1, 575], [1, 650], [2, 350], [2, 425], [1, 725], [1, 60], [1, 800], [1, 575], [2, 575], [2, 70], [1, 875], [2, 90], [1, 90], [2, 70], [1, 800], [2, 875], [1, 575], [2, 275], [2, 350], [1, 70], [1, 800], [1, 70], [2, 30], [2, 500], [2, 100]];6508.839837308257;6627.671174546087;[13, 23, 38, 9, 7, 31, 20, 22, 10, 15, 45, 47, 25, 24, 16, 48, 8, 35, 39, 18, 1, 37, 50, 12, 21, 11, 33, 43, 3, 26, 27, 42, 4, 28, 44, 6, 30, 46, 32, 40, 36, 29, 2, 49, 34, 14, 19, 17, 5, 41];9936;229;232;10000;200;2;0.5;10;RANKING;-1;0.8;OPX;0.2;SHIFT;-1